--[[
    ██████╗ ██╗  ██╗ █████╗ ███╗   ██╗████████╗ ██████╗ ███╗   ███╗
    ██╔══██╗██║  ██║██╔══██╗████╗  ██║╚══██╔══╝██╔═══██╗████╗ ████║
    ██████╔╝███████║███████║██╔██╗ ██║   ██║   ██║   ██║██╔████╔██║
    ██╔═══╝ ██╔══██║██╔══██║██║╚██╗██║   ██║   ██║   ██║██║╚██╔╝██║
    ██║     ██║  ██║██║  ██║██║ ╚████║   ██║   ╚██████╔╝██║ ╚═╝ ██║
    ╚═╝     ╚═╝  ╚═╝╚═╝  ╚═╝╚═╝  ╚═══╝   ╚═╝    ╚═════╝ ╚═╝     ╚═╝

                [ PHANTOM SUITE V5 PRODUCTION ]

    [+] BUILD SIGNATURE : PHANTOM-881714
    [+] COMPILATION DATE: 2026-09-20 11:34:45
    [+] INTEGRITY HASH  : 0x877B2EC57AC88B75
]]--
local _m2NZm1LfkL52g__=105;local _uKV2RIUSZw=(_m2NZm1LfkL52g__*12)%584;if _uKV2RIUSZw~=_m2NZm1LfkL52g__ then local _a4ekFhrLAGFY=_uKV2RIUSZw+12;end;local _G3e2IaL=419;local _hZcdPrqDvJiaW=2;local _AhVeLLp9dW2w_=0;for _xqZQvyNY=1,5 do _AhVeLLp9dW2w_=(_G3e2IaL+_hZcdPrqDvJiaW+_AhVeLLp9dW2w_)%711;end;local _SbDCADg0mjkkm=873;local _mBRgTNvSszxkA=(_SbDCADg0mjkkm+5)%363;local _Gw0axcXq1p=(_mBRgTNvSszxkA*5)%363;local _MZl3lEv=473;local _xPhduxD=(_MZl3lEv%16);local _NAsdgK1=(_MZl3lEv-_xPhduxD)%578;local _lpbArS5brq0qhpl=715;local _GnHeq0PxHSCqb=(_lpbArS5brq0qhpl+11)%299;local _lNqGC6e0Y1h=(_GnHeq0PxHSCqb*11)%299;local _J5wfN825=792;local _ABdtUnqaO=21;local _La3ePlYkLT=0;for _bv_59sCj=1,5 do _La3ePlYkLT=(_J5wfN825+_ABdtUnqaO+_La3ePlYkLT)%667;end;local _S2dEUqSgnN=520;local _Y8JHKb3V=(_S2dEUqSgnN*26)%864;if _Y8JHKb3V~=_S2dEUqSgnN then local _kKABzCHkI=_Y8JHKb3V+26;end;local _R5JLd7TC=146;local _bd67tA_cLc=12;local _T38cdRJQ=0;for _rbwU3oI0=1,4 do _T38cdRJQ=(_R5JLd7TC+_bd67tA_cLc+_T38cdRJQ)%320;end;local _jEVpq_SaMJ=552;local _nA3H1hx1A6mdU6q=(_jEVpq_SaMJ+11)%631;local _sZDKn4n7DXIj=(_nA3H1hx1A6mdU6q*11)%631;local _TjE_bHBMEImN=642;local _t5mWUWWgaoAEUtDh=16;local _u7FRXQcNw=0;for _iQigEapo=1,3 do _u7FRXQcNw=(_TjE_bHBMEImN+_t5mWUWWgaoAEUtDh+_u7FRXQcNw)%731;end;local _k4DJHs2=319;local _eZkSjox=(_k4DJHs2*15)%122;if _eZkSjox~=_k4DJHs2 then local _K7TwnFr8c6c4Xx=_eZkSjox+15;end;local _NDfgHBH=819;local _BBjfGN7VeJAQMx=13;local _dXXRQJFIc1SpuYV=0;for _tHr_o5xc=1,5 do _dXXRQJFIc1SpuYV=(_NDfgHBH+_BBjfGN7VeJAQMx+_dXXRQJFIc1SpuYV)%233;end;local _OVyI5IPYbK=101;local _GReSwIbn=(_OVyI5IPYbK*20)%362;if _GReSwIbn~=_OVyI5IPYbK then local _SRpHluN_bk=_GReSwIbn+20;end;local _jc8ER6tm1KFVKUS={35,33,1};local _YPRJfDO04bvk=(_jc8ER6tm1KFVKUS[1]+_jc8ER6tm1KFVKUS[2])%527;local _rz7zEjrj=(_YPRJfDO04bvk+_jc8ER6tm1KFVKUS[3])%527;local _amMrgTrgTxrJA8c8=459;local _ZT0QzX651YoucF=(_amMrgTrgTxrJA8c8*2)%786;if _ZT0QzX651YoucF~=_amMrgTrgTxrJA8c8 then local _I9A3upIa5Z0=_ZT0QzX651YoucF+2;end;local _sXfFafUj=271;local _qWWBMpE_Y8d=7;local _wGBKCcTUqWfFO5=0;for _Kblea7FT=1,3 do _wGBKCcTUqWfFO5=(_sXfFafUj+_qWWBMpE_Y8d+_wGBKCcTUqWfFO5)%408;end;local _D8bP2sgNeNf4X9M=566;local _aOuwzlwCZgC4=(_D8bP2sgNeNf4X9M*10)%432;if _aOuwzlwCZgC4~=_D8bP2sgNeNf4X9M then local _DVHowCR=_aOuwzlwCZgC4+10;end;local _Ztf7zJY=26;local _t1WibdLtJj4NO=(_Ztf7zJY%25);local _jk5xYgHJGD1nyN7P=(_Ztf7zJY-_t1WibdLtJj4NO)%477;local _OMSXTELNr7qRs={24,94,36};local _jUt0Ook8gnzl_Su=(_OMSXTELNr7qRs[1]+_OMSXTELNr7qRs[2])%351;local _OI5iPWmRU5e0wLwh=(_jUt0Ook8gnzl_Su+_OMSXTELNr7qRs[3])%351;local _OuYvGonGQ=291;local _pB7cNN6e=(_OuYvGonGQ+22)%861;local _M4vZk52UM80fqL=(_pB7cNN6e*22)%861;local _jlEquMNhrnJPqI={77,15,84};local _UgD5hiw92o1fH=(_jlEquMNhrnJPqI[1]+_jlEquMNhrnJPqI[2])%253;local _BK8uF7QwI=(_UgD5hiw92o1fH+_jlEquMNhrnJPqI[3])%253;local _aKLxLWnaODDy3Wsw=881;local _tXpe89ZyuqBCpSH=18;local _UNIlxOkj1ukHYZR=0;for _JyfLQ8YS=1,4 do _UNIlxOkj1ukHYZR=(_aKLxLWnaODDy3Wsw+_tXpe89ZyuqBCpSH+_UNIlxOkj1ukHYZR)%213;end;local _R4shfV_qeL=173;local _Rx5B2maZxWcdW_=(_R4shfV_qeL+31)%641;local _WIG15G6AJ2KWsU=(_Rx5B2maZxWcdW_*31)%641;local _zpyMHjhF4={73,54,53};local _tUM5VpKwzIY3x=(_zpyMHjhF4[1]+_zpyMHjhF4[2])%448;local _YQ7HozeDp=(_tUM5VpKwzIY3x+_zpyMHjhF4[3])%448;local _hP7seWHDLSB1=505;local _c0CjLxFj4w0Zthk4=(_hP7seWHDLSB1+21)%747;local _C3U9j2hTMphm=(_c0CjLxFj4w0Zthk4*21)%747;local _Z7DqX2tzK=730;local _Ows30gq2U4dqA=(_Z7DqX2tzK+22)%649;local _oYKPAH7xh=(_Ows30gq2U4dqA*22)%649;local _suOV98xuq=514;local _KuWq_ZA=(_suOV98xuq+20)%420;local _ZZedRrUyXiS6K=(_KuWq_ZA*20)%420;local _a8Qxh71ZNHfClHOW=287;local _wUq_YRBQqJnnIg3=5;local _Qvo8ixxlx30hPZEx=0;for _ySbpYLno=1,4 do _Qvo8ixxlx30hPZEx=(_a8Qxh71ZNHfClHOW+_wUq_YRBQqJnnIg3+_Qvo8ixxlx30hPZEx)%744;end;local _sOL3jmEdeMB=548;local _Z9CCengRZza=(_sOL3jmEdeMB%5);local _YPQPC20liPRSsO=(_sOL3jmEdeMB-_Z9CCengRZza)%538;local _T_Gh_snb=155;local _T0J4iNkdVYyUb=(_T_Gh_snb%23);local _N6PUGYZmmsob=(_T_Gh_snb-_T0J4iNkdVYyUb)%427;local _DQzGF7TTl=623;local _EMGL9si=(_DQzGF7TTl*28)%152;if _EMGL9si~=_DQzGF7TTl then local _cEj2ejDXGJRxK62=_EMGL9si+28;end;local _iv3cGyXwtwg={95,30,81};local _dfu3dcW9_W_fUI8v=(_iv3cGyXwtwg[1]+_iv3cGyXwtwg[2])%893;local _G144XcDUJABdwX=(_dfu3dcW9_W_fUI8v+_iv3cGyXwtwg[3])%893;local _BI5Esuu=191;local _mhNq0XcPni=(_BI5Esuu%12);local _TweqaAGh_Fg=(_BI5Esuu-_mhNq0XcPni)%290;local _Ne1y0qYELETi={97,46,5};local _rgOlDMLy2iBnYo=(_Ne1y0qYELETi[1]+_Ne1y0qYELETi[2])%774;local _kC3xL56F=(_rgOlDMLy2iBnYo+_Ne1y0qYELETi[3])%774;local _YFQEVqRn_m39MIs=573;local _MGrs2peUo=(_YFQEVqRn_m39MIs*13)%317;if _MGrs2peUo~=_YFQEVqRn_m39MIs then local _XIN8eyZk=_MGrs2peUo+13;end;local _a29mGPq0E={57,93,71};local _kjF_1PO3ruhGO=(_a29mGPq0E[1]+_a29mGPq0E[2])%723;local _vsxEOqy=(_kjF_1PO3ruhGO+_a29mGPq0E[3])%723;local _YADBTpYmp2wpWi=278;local _iJvEVYVM=(_YADBTpYmp2wpWi+19)%832;local _ptGj2VqWALYx=(_iJvEVYVM*19)%832;local _egTQ0fZDVQtkF=577;local _p_gwawICT_mqx2n=(_egTQ0fZDVQtkF*12)%519;if _p_gwawICT_mqx2n~=_egTQ0fZDVQtkF then local _GZvXJWMOCd8V=_p_gwawICT_mqx2n+12;end;local _imeuKXugMvlBM0Yy=519;local _U4jhMEih270HpyY=(_imeuKXugMvlBM0Yy*13)%148;if _U4jhMEih270HpyY~=_imeuKXugMvlBM0Yy then local _mwsbxaZphF=_U4jhMEih270HpyY+13;end;local _KwtUEpcAN8RI2n=223;local _PAH10hiR=(_KwtUEpcAN8RI2n+15)%638;local _ckZKSV4Xu7X=(_PAH10hiR*15)%638;local _mrW6O6q6dTXl=465;local _wkEIAPOgdqG=13;local _IUKZLX6FfKkg=0;for _tt4k_3eN=1,3 do _IUKZLX6FfKkg=(_mrW6O6q6dTXl+_wkEIAPOgdqG+_IUKZLX6FfKkg)%68;end;local _etzRKJn=170;local _nUBuvd3T=(_etzRKJn*5)%802;if _nUBuvd3T~=_etzRKJn then local _AsPPXU56L_BVR=_nUBuvd3T+5;end;local _IABu5kXI_jlqm=337;local _xq5t_OAWAyR6=(_IABu5kXI_jlqm+16)%264;local _QY5BwSaKQpx_XAU=(_xq5t_OAWAyR6*16)%264;local _A9oEMQ7O1Wi5F8jZ=774;local _gHlQyhVvCcxz2yC=(_A9oEMQ7O1Wi5F8jZ*20)%621;if _gHlQyhVvCcxz2yC~=_A9oEMQ7O1Wi5F8jZ then local _aREjpKcN=_gHlQyhVvCcxz2yC+20;end;local _AZz2uUTN=514;local _m9xFkj4n9eeHivu=20;local _QklbaTXrA=0;for _a2KDJ5kn=1,3 do _QklbaTXrA=(_AZz2uUTN+_m9xFkj4n9eeHivu+_QklbaTXrA)%881;end;local _KkN2bIUsi7t=430;local _IAkFbVpDedyYr9=19;local _bl47xFJcGIx0n=0;for _IULfQuY5=1,3 do _bl47xFJcGIx0n=(_KkN2bIUsi7t+_IAkFbVpDedyYr9+_bl47xFJcGIx0n)%61;end;local _ZSoz9oV7BQu2YDR={26,26,80};local _HwUwyVoudWv9fb=(_ZSoz9oV7BQu2YDR[1]+_ZSoz9oV7BQu2YDR[2])%110;local _RFCqNxn=(_HwUwyVoudWv9fb+_ZSoz9oV7BQu2YDR[3])%110;local _Vq3bs12nge={50,70,2};local _y6JdvWkSez6=(_Vq3bs12nge[1]+_Vq3bs12nge[2])%853;local _S7A_hTs7q5=(_y6JdvWkSez6+_Vq3bs12nge[3])%853;local _mwUuLiYxtc17t=731;local _p88Rnb7M9=(_mwUuLiYxtc17t*21)%155;if _p88Rnb7M9~=_mwUuLiYxtc17t then local _nVPBF6ywHdjpv=_p88Rnb7M9+21;end;local _QT8z2Te1={37,95,14};local _MfAyIOyOZ=(_QT8z2Te1[1]+_QT8z2Te1[2])%892;local _aKxwXNPzz=(_MfAyIOyOZ+_QT8z2Te1[3])%892;local _Y0c3gFioaU830lHJ={{141,571,27923,{9947,44729,36643,13455,9947,46097,5369,47702,16428,36108,55788,16428,40151,12920,1326,36108,59296,16428,4834,55788,8877,47702,1326,55253,46097,54718,46097,9412,9412,52815,3764,62804,37178,59831,21541,16428,25584,56323,1326,33135,3764}},{477,51,7269,{40435,28636,56155,47637,5705,36505,43058,10293,56155,60743,33224,54190,5705,56155,46330,45672,43058,40435,28636,56155,47637,5705,36505,43058,33882,64673,64673,56155,52883,9635,18153,46330,45672,43058,40435,28636,56155,47637,5705,36505,43058,25364,7670,16188,52225,5705,56813,18153,5705,5705,52225,43058,40435,46988,8986,46988,38470,36505,43058,10293,56155,60743,33224,54190,5705}},{284,542,57490,{9707,37552,52221,13207,17376,59221,27721,15214,6207,27721,26383,51552,28545,20876,17376,59221,27721,38890,12383,27721,11045,52221,5538,5538,10376,2038,51552,52221,36214,17376,51552,27721,38890,27721,10376,2038,51552,48052,59890,59890,5538,17376,59221,52890,52221,36214,17376,51552,27721,38890,27721,41721,28545,51552,32714,17376,1369,29883,17376,37552,28545,1369}},{67,330,26119,{25860,22343,24395,22343,3727,38759,11935,62,24834,22782,25860,63531,9883,9883,64557,9883,38759,22343,24395,22343,4753,23808,52684,9883,29525,24834,12961,23808,12961,13987,2701,38759}},{271,159,51070,{56996,11538,64128,4406,20003,806,6605,806,25335,11538,64128,3073,54330,41399,45398,25802,10205,48531,18670,34267,806,6605,806,29801,20003,4406,4406,20003,47198,15537,48531,34267,806,6605,806,1273}},{265,494,40814,{18664,36408,26397,36408,23220,48697,26397,43722,59188,43722,52354,920,28675,23220,43722,59188,43722,4577,36408,18664,56430,3198,64163,27776}},{173,321,42420,{29988,14448,55299,16371,28065,41041,28065,45684,46966,45684,12525,17012,42964,54658,11884,29347,4036,41682,42323,2113,45684,46966,45684,11884,29347,42323,17012,55299,28065,42323,29988,50171,42323,29988,41682,29988,30629,45684,46966,45684,37195,41682,2113,17012,55940,28065,12525,41682}},{229,350,38778,{37217,41997,62195,41997,1797,11994,22142,52341,37119,27167,1993,1944,12043,37217,41997,62195,41997,1797,11994,42242,32192,57366,27167,27167,7018,47218,52390,22142,52341,41997,62195}},{16,461,36465,{29960,24990,16518,9514,58542,48036,2510,29960,40015,64980,29960,35496,55040,2510,30526,53006,54023,30526,2510,51538,29960,48487,33011,29960,46002,16518,62044,2510,10982,48036,2510,54023,23522,2510,48036,60010,37530,27024,2510,60010,16518,61027,23522,58542,41032,29960,64980,29960,46002,37530,55040,58542,51538,31994,37530,27024,64529,2510,48036,29960,64980,29960,10982,54023,34028,64529,54023,9514,2510,29960,64980,29960}},{109,723,16601,{11614,27642,27271,29497,28755,29126,28755,26900,15695,58139,15695,10501,28755,5307,51090,32836,28755,49977,49235,33578,28013,28013,50348,15695,58139,15695,33578,7904,27642,27642,51090,28384,10130,29126,53316,49235,7904,27642,28384,28755,7162,50719,49235,15695}},{362,272,1546,{46727,55627,23587,55288,65078,49058,58848,55288,57958,59738,58848,48168,55627,46727,55627,18247,52618,63298,56178,51728,57958,63298,56178,55627,46727,55627,18247,52618,48168,47278,49058,14687,61518,62408,65078,55288,55627,46727,55627,23587,47278,49058,61518,15577,64188,48168,65078,57958,53508,55627,46727,55627,19137,61518,43718,20917,49948,52618}},{225,635,13249,{42493,8103,12628,8103,30728,7470,9280,5660,44303,27108,5660,46113,5660,44303,8103,12628,8103,31633,7470,45208,3850,9280,7470,42493,11995}},{41,847,55538,{1347,24640,1347,15458,43109,29569,37143,56078,16029,29569,19816,1347,24640,1347,4097,46896,19816,29569,19816,21995,43109,60436,11671,19816,881,1347,24640,1347,11671,19816,881,7884,6276,21995,23603,16029,60436,1347,24640,1347,52291,17637,7313,4097,21995,23603}},{144,284,4525,{24195,10946,15232,21328,11308,21328,21328,22747,22747,8441,32072,3069,52836,8441,64999,52836,28481,60713,28481,3069,28481,10946,28481,18823,31348,34577,52836,16318,18823,7717,44597}},{500,608,39176,{33687,37716,15748,33687,50283,25149,8553,46254,33687,56615,28795,42225,51626,33687,33687,9896,15748,33687,50283,25149,8553,46254,33687,28795,17571,31481,21120,58821,48940,33687,9033,25629,33687,37716,15748,33687,50283,25149,8553,46254,33687,56615,28795,3181,11239,33687,50283,13062,9896,62850,64193,37716,15748}},{126,44,22538,{14996,47960,7702,40259,35125,14996,1347,29177,31744,60388,55254,1,14996,21883,54847,14996,27831,65115,14996,47960,7702,40259,35125,14996,6481,1347,29584,45393,47960,14996,54847,50527,40259,1347}},{102,305,11789,{51295,33749,38123,7694,3031,27980,39229,6877,27980,5771,2214,27980,61149,15914,48266,17837,27980,13463,48555,19760,30720,7694,63889,27980,61149,33460,48555,51295,33749,38123,7694,3031,27980,39229,6877,27980,5771,2214,27980,61149,15914,48266,17837,27980,13463,48555,29903}},{176,23,9038,{29522,47711,14907,14936,18597,55004,51343,29493,14936,11188,58520,25745,54830,62268,7672,29493,44050,62268,25745,40418,43992,54975,54888,33096,7672,29493,44050,62268,3982,62268,44050,408,14936,18597,33067,51314,44050,51343,4040,11246}},{461,321,2157,{17411,36639,41165,59907,44476,63704,56110,64676,26220,37125,63704,36882,59664,40679,36639,44962,55867,44476,26220,49245,57082,3438,63704,17411,6020,36882,63704,57082,9817,2709,6020,49002,60393,44476,32842,56110,60393,44476,36639,21208,5777,41165,59907,44476,63704,56110,64676,26220,6263,17411,21451,63704,17411}},{388,528,26232,{45947,16516,18739,40949,30396,6520,29844,57052,55938,13741,38726,55938,9295,40949,13741,55938,970,51497,29287,40949,42615,39283,29287,40949,57052,44281,31510,2079,53720,40949,2636,39283,19291,30396,42058,61493,3745,34285,14850,37617,59827,30396,6520,55938,31510,53720,26512,42615,55938,970,23180,30396,42058,61493,3745,34285,14850,37617,59827,30396,63159,51497,54829,26512,44281}},{297,457,3953,{13524,14850,16839,10209,63912,63249,23469,17502,24132,51315,3695,18281,18828,16839,24795,26121,18828,3695,21480,49989,42033,17502,14187,13524}},{135,735,1535,{54900,58827,45424,35948,34454,58827,35948,16185,62882,25789,55711,45424,39875,35948,35948,58827,47046,25661,16996,25789,58144,35265,8459,21734,34454,13880,54900,63565,35948,28905,25789,56522,32021,42308,46235,5215,64376,55711,25789,35265,8459,21734,34454,60449,35948,35137,35948,30399,9142,58827,55711,49351,54900}},{383,85,61924,{14591,10110,22114,13407,40038,60075,49000,5629,6558,58636,18562,28963,36486,51113,49929,10110,63372,5629,22369,61004,5629,28963,40038,6813,36741,17888,41222,22114,18817,10110,64556,2332,36486,51113,49929,10110,63372,5629,22369,61004}},{375,776,14211,{31976,42170,18384,24221,45568,435,10629,41649,36333,45568,21782,55762,45568,62558,38772,20302,59598,50363,42170,41649,26139,18384,10629,31976,62558,17425,27098,38772,20302,59598,50363,55762,435,25180,18384,55762,59598,48966,34853,52364,27098,41211,48007,34853,41211,48007,20302,59598,50363,55762,435,25180,18384,55762,59598,35374,20823,62558,25180,17425,45568,435,62558,59598}},{37,139,56202,{32576,9824,63744,40992,19836,17333,48501,32576,10963,269,4593,29391,54189,10963,23021,19836,9824,35761,3454,63744,40992,23021,10963,19836,51004,23021,29391,22564,63744,22564,10963,29391,45316,12327,22564,57599,32576,60559,14148,17333,32576,22564,29391,9142,41449,33940,9142,65108,60559,32576,60559,23021,25067,269,42131,23021,60559,63744}},{196,358,63518,{63198,64899,23977,33954,2780,50277,27379,2780,50277,27379,2780,14229,15930,27379,45174,48576,5953,64670,53221,64670,10598,32253,56852,30323,10598,64670,35197,63198,64899,23977,33954,7654,27379,7654,27379,2780,20804,15930,27379,42001,48576}},{230,346,22379,{58332,43898,29991,43898,57805,27842,26504,2177,57805,43898,56467,62346,33194,31856,64211,13935,39073,1366,1366,41749,39073,1366,15273,15273,25166,39073,5380,1366,30518,58332,43898,29991,43898,57805,27842,26504,2177,57805,43898,56467,62346,33194,31856,64211,13935,39073,40411,40411,13935,39073,1366,15273,15273}},{235,641,14296,{24975,32001,60160,6294,20346,57873,50847,57873,64899,48395,36685,36795,64899,57873,53189,55476,29714,18004,22633,46053,53079,53079,32001,46053,53079,53079,32001,46053,53079,53079,24975,32001,43766,6294,20346}},{420,814,32736,{31137,13754,31137,48520,11082,25791,44509,48520,31137,63229,37824,17767,32476,56546,43174,27128,59220,57883,43174,27128,44511,57883,43174,11082,44511,40500,57883,16430,47185,16430,31137,13754,31137,48520,11082,25791,44509,48520,31137,63229,37824,17767,32476,56546,27128,44511,44511,57883,61894,59220,57883,45848,59220,40500,57883,52533,61892,47183,47185,16430,31137,13754,31137,48520,11082,25791,44509,48520,31137,63229}},{272,673,37138,{10076,16789,1971,29751,59387,15861,15861,15397,30215,1507,1043,15397,45033,1043,58923,15397,53138,52674,23966,40640,48281,11468,8220,53138,4291,40640,19109,8220,16789,4291,19109,62171,54530,11468,1971,4291,47817,11004,15397,53138,59387,52674,23966,40640,48281,11468,8220,53138,4291}},{183,187,32999,{64469,49222,52381,65293,7327,49222,14195,21063,56090,50046,54579,46200,22574,57601,56090,35623,31777,21063,32464,46200,47024,31777,7327,47711,7327,32464,28755,52381,62958,32464,7327,56090,26420,65293,23398,2107,11997,5129,35623,11997,5129,35623}},{427,295,54853,{25762,25762,47891,62355,56379,58068,58068,35116,64044,35939,21475,35939,50403,8743,28317,58068,50403,35939,4456,5322,61489,15542,64910,57245,59800,62355,57245,25762,62355,57245,54690,47891}},{149,861,28034,{2547,41660,36822,4765,35207,44481,2346,4765,41660,35207,30168,20894,46900,53956,42263,2346,46900,44481,21095,9000,46900,21095,7184,13637,18274,55973,128,2346,58593,21095,18274,1944,41660,36822,35207,9000,35006,39844,37626,21095,30168,11620,13838,39844,58593,27749,9000,46900,21095,7184,13637,39442,32386,51135}},{178,281,63929,{45491,38124,45491,13389,36807,10755,56274,64711,29440,65493,46026,29975,31292,63394,7874,64711,16558,39976,54710,24707,64711,56027,64711,7874,22073,7339}},{332,457,48960,{26610,45822,56425,45822,35219,61319,35310,12110,35219,45822,9210,39116,34313,8304,56516,32410,64219,32410,64219,3501,9301,41110,31504,45822,35310,8304}},{144,365,57869,{49259,32913,21833,60065,32913,27099,16430,11164,60065,43445,16430,221,60065,84,37768,64920,26825,42897,53566,49259,53977,32639,37905,11027,21833,60065,221,37768,37631,64920,26825,42897,53566,49259,53977,43445,38179,32913,60065,11027,43856,37768,43719,26825,42897,53566,84,49259,49122,38179,84,42897,49259,10342,37768,37905,11027,5624}},{42,246,13010,{52761,48727,65281,873,18540,24105,65281,18540,46501,36625,49145,39546,35094,48727,23687,18540,49145,12698,31478,33704,41354,59439,24105,56100,53874,40241,18540,58326,8246,21879,53874,23687,59439,24105,65281,18540,46501,36625,17845}},{107,423,32818,{32021,50253,32021,54811,32021,50253,18347,42846,8091,9802,59369,41137,1255,11511,20627,57091,38859,23476,9802,37150,5244,25185,5813,9802,61649,9802,23476,63927,43986,5244,41137,62218,34870,42846,8091,9802,59369,41137,1255,11511,20627,57091,38859,23476}},{427,897,32529,{59434,44575,29150,53915,28018,19244,28584,29150,49528,24197,28584,19244,18678,29150,23631,34669,52217,16414,57170,25754,14716,59434,46698,56604,13159,22499,29150,53915,18678,4385,52217,16414,46698,57170,25754,14716,59434,46698,56604,37924,28584,19244,18678,29150,14291,52217,44009,57170,25754,14716,34103,59434,23631,28584,34103}},{14,399,21519,{56358,28355,51940,11703,24141,34676,36783,62271,24141,964,5178,20335,24141,5178,43104,7693,60572,34880,5178,45211,36783,18024,62271,64378,5178,19927,60572,9800,56358,10004,28355,20335,32773,13606,49425,5178,51940,36987,1168,13606,22034,28763,20335,24141,5178,43104,7693,24549,20335,41405,16121,24549,16121,24549,20335,28763,16121,24549,9800,56358,10004,28355,20335,26452,26248,34676,13606,36783,13606,26248,24141,51940,36987}},{417,203,62838,{31065,4544,54802,1467,16730,34606,19807,49405,6864,41859,16730,21663,57122,41859,57122,41859,16730,26596,57122,41859,52189,37390,23055,59735,16730,5936,35070,60199,29673,44936,19343,14410,24276,34606,40003,35534,19343,35070,34606,64668,59735,35070,19343,19807,34606,60199,9013,41395,21663,16266,37390,23055,59735,16730,56194,14410,34606,44472,41395,34606,16730,56194,16266,37390,23055,59735,16730,35534,19807,29209,44472,55730,4544}},{443,815,16733,{52686,42145,28307,57608,53986,21063,54311,40148,16466,39498,46092,42145,45442,30954,50039,12844,1978,12844,23710,57608,28307,9222,39498,46092}},{244,392,728,{25175,27605,29585,20405,26345,22925,21395,19685,20045,24995,27425,27425,27605,29585,20405,26345,22385,23915,20585,21485,21395,19685,24995,26075,26075,25175,27605,29585,20405}},{127,487,29750,{7124,25395,1770,43666,57878,53079,6199,20966,1585,58433,7309,26320,25025,1585,29824,1770,25025,7309,15612,30194,20966,58248,53079,57693,6199,1770,53079,29824,57878,7124,53079,57878,48280,54004,35363,30009,58248,30194,43666,1770,43851,48465,57878,53079,6199,35363,2510,7309,26320,15612,30194,7124,39607,1585,25025,1585,43666,20966,39607,1585,25025,1585,43666,1955,57878,29639,20226,57878,53079,29824,57878,7124,53079,57878}},{201,831,48037,{45538,39216,19107,13156,17994,43683,19107,13156,22832,56713,30282,38474,54101,57455,13156,18365,53730,23574,58197,19107,58568,13527,54101,44054,30282,38474,49634}},{54,348,9545,{816,57324,1221,14943,45222,56919,39703,48716,5525,47501,42792,1221,5525,57324,47906,44817,5525,47906,28665,7550,35804,62843,52210,1221,10234,47906,35804,2841,45222,17778,56919,44817,1626,29070,14538,47906,39703,57729,6740,29070,10234,25981,44817,5525,47906,28665,7550,35399,54235,11854,63248,35399,54235,35399,54235,21272,7145,35399,2841,45222,17778,56919,44817,15753,816,47501,29070,42792,29070,816,5525,39703}},{52,829,29604,{37602,11240,22366,32423,64265,54208,18557,12309,24805,6362,26476,54208,22667,16419,2553,64265,32724,26476,16419,26476,54208,22667,16419,2553,12610,46590,26476,58017,51769,29216,42480,54208,38972,2252,40041,60155,50098,28614,4691,52537,18557,26175,25106,4691,46289,4691,28614,50399,42781,18557,54208,38972,4992,51769,29216,42480,54208,38972,4691,28614,26175,12309,28614,65334,22366,48728,12309,41411,22366,10939,12309,46289}},{362,834,44659,{49699,24897,25723,29652,28000,17865,921,56106,23446,53003,5877,41841,2573,5051,41841,46596,5051,47422,58584,22620,47422,53829,41841,49699,53829,29853,296,5051,25723,29652,28000,17865,921,21794,53003,41841,53003,34608,23446,5051,49699,17039,22620,23446,41841,5051,25723,29652}},{75,790,10882,{21799,13785,24087,33528,5488,42969,56703,57275,35816,3200,13213,10353,8637,21799,64428,20938,63856,5488,64428,8637,42969,3200,25803,57275,6632,35816,5488,57275,63856,56703}},{322,313,19457,{54269,58411,55781,61041,8835,28922,21985,62159,16725,44143,1339,58411,55781,1339,28922,60088,57458,43749,1339,54269,16725,44143,1339,58411,55781,1339,64789,47332,4528,64230,24056,52592,36812,21985,2457,64230,7158,54269,58411,55781,61041,8835,25733,17284,11465,25733,60088,57458,43749,1339}},{351,494,394,{9665,25297,33113,40929,11827,62215,30286,28124,13490,38767,18645,4676,7337,24133,22470,33113,7337,18645,2847,28124,29787,62215,2847,30286,33113,62215,22470,11827,9665,62215,11827,47082,41594,8002,31450,29787,42093,30286,40929,24133,45419,11827,8002,3512,18645,4676}},{23,763,6807,{45138,4653,22672,54186,60972,54186,47400,36244,56448,4653,27196,40768,36321,20564,45138,4653,49739,4499,2237,15809,63234,56448,11285,45138,45138,36244,61126,40768,36321,20564,45138,4653,49739,47400,20333,56448,45138,51924,20333,47400,11285,56448,15809,31566,36244,129,4653,63388,54340,40768,36321,20564,45138,4653}},{378,652,64004,{12687,28279,43871,16531,55619,37997,2969,46808,8843,22621,21714,61493,52682,22405,28279,61493,22621,40934,39120,2969,33246,55619,40934,37997,28279,55619,22405,16531,47024,55619,16531,29186,64646,16747,63523,33246,39120,43871,28279,19468,4783,16531,55619,37997,16747,61709,22621,21714,40934,39120,47024,50868,52682,61493,52682,43871,2969,50868,52682,61493,52682,43871,3876,16531,46808,35060,16531,55619,22405,16531,47024,55619,16531}},{332,103,23075,{17420,23735,52144,22426,29201,1022,52144,22426,29201,65234,34437,3640,30280,40133,27892,22426,58689,44060,29431,21347,52144,50835,51914,40133,30510,3640,30280,30740,62846,65464,44060,30740,3640,50835,51914,49296,52144,40133,50835,44060,52144,65464,21347,22426,52144,21347,17420,23735,25044,17190,29431,44060,41442,21347,25044,34437,3640,30280,50835,22426,25274,64155,49526,21347,51914,46678,61307,64155,41442,65234,22426,52144}},{450,238,28590,{18305,40127,31714,63253,14723,42625,5006,63253,14723,42625,14723,63253,11086,175,60865,36490,38988,19554,35296,59561,25579,42570,12225,8588,15862,29216,38933,64447,8588,4951,8588,12225,1369,57173,29216,38988,62004,32908,175,60865,36490,38988,19554,8588,12225,38933,18305,12225,62004,1314,43764,18305,58367,1314}},{202,149,7771,{2175,18355,5497,7588,22107,29982,4696,54467,46963,44501,56929,63143,3836,18355,48624,46963,7588,15033,29982,4696,54467,5497,37427,40749,63143,5497,4696,35766,7588,4266,48624,58160,46963,63143,48624}},{173,846,39929,{25962,31702,4894,57532,31702,17841,53195,35975,51303,16863,65164,60402,3491,57532,31702,3491,35975,56065,30235,32616,12101,4894,65164,60402,3491,57532,31702,3491,42693,20222,28832,43182,12101,6361,47944,51303,2513,43182,54662,4894,57532,31702,17841,53195,10634,64675}},{447,94,45415,{28013,12700,36551,29776,20495,20961,47595,44069,42306,40543,38037,44812,5648,15206,5648,50101,29776,20495,14186,60125,7411,42306,14186,29776,36274,15206,2399,44812,55856,5648,42306,44812,7411,38037}},{25,565,43752,{13199,34632,49022,20242,952,54226,62187,64637,19017,43511,49022,54226,57594,6463,5238,29121,13199,12281,13506,59126,49022,11056,60044,14424,13506,43511,43204,13199,34632,49022,20242,952,60962,30957,52083,16567,30957,52083,30957,60962,57594,6463,5238,29121,13199,38918,25753,55758,13506,46879,13506,25753,34632,11056,60044,14424,13506,43511,43204,13199,34632,49022,20242,952,52083,30957,22078,52083,16567}},{313,755,48097,{3859,9289,3859,9289,32547,53090,23225,38793,6574,33724,43046,45761,56621,51191,33363,62051,4675,27933,14358,2321,62051,25218,62051,33363,46122,59697,27933,6574,24041,56982,53090,23225,38793,6574,33724,62051,33363,14358,48476,33363,24041,53906,44223,48476,52729,53906,41508,48476,25218,59697,9289,56982,53090,23225,38793,6574,52729,43046,33363,48476,27933,36078,59697,36078}},{45,165,60001,{11250,16627,47702,40319,3321,20271,23096,40319,16627,57542,8425,56996,37494,63192,29019,23096,37494,20271,17446,62373,37494,17446,57542,5327,13802,8698,17446,23369,29019,19998,23096,54444,17446,40319,13802,36675,16627,47702,57542,62373,42871,11796,20544,17446,8425,40046,31298,11796,6146,56723,62373,37494,17446,57542,5327,25375,65198,59548,65198,59548,65198,19725,19725,36675,16627,47702,57542,62373,34123,23096,20271,8971,14621,31844}},{338,721,60736,{28162,51043,57109,18974,23479,6842,40294,57109,43416,64736,40294,6842,55548,57109,47921,776,34050,53809,26423,21740,3364,58670,9608,35611,28162,57109,14469,34050,57109,9608,35611,26423,21740,3364,58670,9608,23479,55548,29723,14469,52426,5281,37350,55548,34050,24862,24862,26423,21740,3364,58670,9608,23479,55548,29723,14469,56931,28162,49482,28162,6842,61436,34050}},{246,222,22005,{57811,52240,37120,29825,61259,28631,47333,52240,37120,2768,60729,7145,56617,22530,32743,25183,7410,50516,58076,22530,61259,28631,47333,52240,49057,14705,45874,2768,57811,7145,56617,7145,29825,61259,28631,31019,5686}},{500,524,61308,{2335,39349,32335,62926,25321,61884,50391,24870,60842,33828,15321,39349,60842,2335,30842,391,60842,30842,25321,45912,25912,64870,24870,61884,52335,39349,49349,22335,30842,60842,15321,25912,27405,62926,11433,25321,61884,391,4870,42335,32335,42335,52335,50391,4870,42335,32335,42335,52335,36363,30842,5321,62335,30842,60842,2335,30842,391,60842,30842,25321,45912,60842,391,41884,37405,4870,42335,32335,42335,52335,38898,391}},{318,875,63758,{16484,56250,13548,50601,59409,33877,28228,51270,34100,42685,62568,39749,39749,42685,48334,16930,34100,65504,65504,2919,17376,61899,33877,5632,30941,10835,56250,2250,64835,19197,22579,61899,59632,2919}},{104,321,49944,{14216,7507,22679,27512,61078,7507,38116,2674,10056,5223,39462,21068,4285,61078,39462,27512,59467,65238,39462,59467,19457,34894,4550,33956,27512,37851,22679,7507,7507,57856,39462,25901,55572,37851,61078,56245,59467,4550,18111,38116,14216,2674,65238,33956,57856}},{369,324,64328,{21019,14758,49633,28708,51720,44031,7783,18273,54521,64242,14758,48205,43372,27335,7124,36397,7124,27335,7124,63583,47546,56608,34310,50347,53148,39143,54521,8497,55180,18932,44031,9870,44031,55180,64242,49633,28708,51720,44031,7783,18273,54521,64242,14758,48205,43372,36397,7124,36397,7124,36397,7124,56608,56608,34310,50347,53148,39143,54521,4323,51006,32882,25907}},{394,669,32814,{12043,34700,4695,64705,38374,47559,62255,34700,17554,38374,1021,36537,17554,34700,13880,38374,15717,61031,50620,61642,52457,44496,64703,29189,31637,45109,17554,38374,31026,17554,1021,30413,10206,27352,13880,50620,28576,11430}},{105,173,19760,{26771,57794,9711,44209,16409,61269,37070,30435,26960,61458,26960,61458,26960,61458,26960,54571,33910,27086,61206,44209,19947,12997,47432,40545,33658,33658,2761,30246,47432,44083,2635,26771,12997,9522}},{357,820,55388,{11498,18365,7683,7683,48885,58804,50411,5491,22277,3868,60330,34388,21417,8446,18365,11498,6920,48885,6920,50411,5491,22277,13024,10735,19891,21417,13024,5491,3105,48885,39729,11498,7683,6920,21417,11498,19891,18365,60330,11498,18365,4631,64908}},{348,157,34850,{32552,16795,8940,27284,51727,3672,31627,27284,24650,40360,22894,59582,31627,32552,31674,42163,16842,40360,40407,8062,24650,42994,42994,51727,60460,61338,1085,16795,207,51727,32505,40407,60460,5428,49971,3719,30796,50018,1963,31674,42163,16842,40360,40407,46506,22894,41238,51727,2794,22894,60460,31627,24650,4550,47384,4550,51727,61338,60460,32505}},{47,66,15742,{33590,33436,11493,5154,63258,33436,18756,26173,27251,19526,40699,62488,62642,55071,40699,33436,11493,4538,18910,34206,18910,62642,48116,33436,26173,33590,33436,11493,27251}},{301,571,28229,{46548,31554,27585,24939,31554,25821,50076,61983,6164,22734,55809,39492,27144,25821,24939,41256,25821,31995,31554,25821,49194,45666,27585,24498,28026,55809,39492,27144,25821,24939,41256,25821,31995,31554,25821,55809,42579,33318,22734,27144,24498,24939,41256,25821,31995,31554,25821,50076,61983,6164,22734,55809,40815,33318,25821,31554,27585,24939,49194}},{265,667,22386,{50698,17317,60544,30245,4389,65107,18798,22000,4389,60544,47496,14115,60424,1187,58703,57102,22000,1187,18798,15596,38130,1187,15596,52299,47736,57342,65227,60304,22000,2788,15596,57342,46135,60544,30245,47496,38130,44414,9192,47496,15596,14115,41212,2908,9192}},{75,54,60556,{25386,33911,57810,3031,7663,63920,60898,56266,36999,14644,56266,53178,32367,36999,56266,36999,14644,32367,13100,38543,43175,10817,62376,57810,18471,46197,22298,49285,65464,49285,46197,3031,50090}},{17,325,53400,{11293,9547,32618,36883,23115,18850,21569,28353,14785,45213,53743,49478,38429,12066,53743,49478,53743,49478,58008,42694,29899,36683,45986,34364,18850,40175,24088,58981,1990,63246,25834,6255,45413,21569,43667,26607,25834,24088,21569,10520,56462,24088,25834,28353,21569,58981,49678,51224,38429,16331,36683,45986,34364,18850}},{131,242,28468,{43893,61668,13922,58142,17448,12159,27881,47564,29644,20684,40077,19211,49327,59905,61668,19211,20684,24355,27881,17303,17448,45801,12159,61668,17448,59905,58142,8343,17448,58142,42275,13632,18921,52708,13922,61668,51090,58142,18921,45511,20684,40077,24355,8343,8488,54616}},{128,393,9143,{21032,18144,9523,40904,32326,12454,6764,57931,63621,38102,18144,58060,6635,60776,945,18058,60776,945,60776,945,23748,60776,37973,18015,49310,3833,63621,15256,3919,63750,12454,29567,12454,3919,38102,9523,40904,32326,12454,6764,57931,63621,38102,18144,58060,6635,26593,945,32283,18058,20903,945,60776,945,49396,37973,18015,49310,3833,63621,35171,23834,20989,9609,15299,32412,3919,60905,38102,52327,9566,32412}},{84,568,56404,{57254,63298,25302,8787,57254,19797,13753,63298,2743,58332,55637,55098,44627,27034,36966,12136,38583,29190,57254,19797,13753,63298,30807,55637,14292,44627,27034,36966,36966,52288,3282,2743,57254,52288,27034,19258,36312,63298,2743,30807,35773,3282,63298,27034,2743,17641,5553,63298,57254,57793,27573,2743,3282,52288,27573,30807}},{182,290,34746,{27242,26978,22226,26714,26648,26912,22028,21434,19982,19916,26450,26648,25856,25724,26450,21434,25790,24470,23348,24140,26582,26912,26978,25724,26582,25856,25988,22358,26582,25988,27176,21962,21566,24866,25988,27242,26978,23678,27044,26978,26978,26648,26582,21566,22028,21434,19982,19916}},{75,248,44258,{30415,40402,43277,21525,56404,44639,32193,52167,870,12635,56404,15094,1967,43277,37527,32193,42861,39721,22622,63932,1967,1967,63932,22622,63932,1967,1967,62154,56820,21941}},{133,180,31012,{19881,51714,54131,44894,34233,53419,13623,47592,3674,47592,53419,63368,26701,43470,53419,13623,46599,53138,9932,19881,51714,54131,44894,42477,61663,41765,27694,1969,23572,53419,59246,63368,31816,32528,53419,17745,53419,23572,60670,26701,63368,44894,42477,46599,53138,9932,19881,51714,54131,44894,59958,21867,29399,3674,26701,3674,29399,3674,46599,53138,9932,19881,51714}},{473,521,21940,{28309,55043,2232,29405,1575,37513,13846,1575,55043,2232,23707,58549,35978,8148,60741,28309,55043,64247,13189,17791,37513,49784,29405,11436,29405,47374,63151}},{230,879,44471,{41130,12114,9848,43175,63348,35686,18000,29109,23223,48840,11202,47707,55417,40909,19824,58816,10981,18691,55417,41130,43396,32287,63348,35686,18000,29109,23223,48840,11202,26622,34332,42042,55417,20957,19824,41130,62215,63348,35686,18000,29109,43175,9848,12114,34332,43175,35686,12114,4404,41130,38864,20957,30933,19824,34332,20957,12114,55417,11202,20957,55417,52018,12335,13468,36598,38864,39997,9848,42042,20957,55417,42042,13468}},{249,40,57666,{59856,53233,7923,65428,616,60907,34415,6188,31287,55335,23271,16648,55335,60907,50105,8632,48712,13862,63351,23613,19434,14204,48712,15255,34415,23271,16648,29894,51840,58463,18383,50447,59856,53233,7923,65428,616,60907,34415,44875,50105,55335,16648,23271,5846,23613,58121,28843,7581,53233,7923,65428,7239,31287,616,50105,7239,53233,616,3402,23613,54284,23271,63351}},{453,401,59863,{13527,41308,15403,62523,18217,57254,15403,18217,12589,59130,61006,45060,48812,23845,13527,57833,58771,16341,18217,61006,36977,39791,2989,25142,62523,23845,57254,50688,58771,59709,58771,57833,52564,62523,58771,59709,31349}},{248,578,24147,{58668,9300,7056,12453,42070,24563,44314,23673,25917,12453,30405,37137,16941,48357,48357,58223,31295,24563,40271,53735,58668,9300,7056,12453,42070,24563,35338,7965,46113,16941,37137,50601,58223,10209,30850,53735,58668,9300,7056,32649,11099,10209}},{344,109,61936,{53108,7289,8678,12315,16811,58993,26662,46364,33406,37902,26662,14563,16281,23025,12315,33406,33406,26662,3323,37902,2793,5571,16811,33406,3323,37902,7819,12315,33406,2793,47223,45505,16281,23025,14563,26662,45505,37902,26662}},{312,837,13861,{60553,4694,12659,58960,43030,12711,52640,52640,65436,63791,65436,3101,15897,25403,65436,52640,12711,60553,57367,25403,23810,11014,58960,11118,17438,54233,20676,17490,19083,63843,15897,46268,65436,36658,33420,15897,33472,15897,63843,39792,3049,20676,15897,33472,58960,43030,52640,28693,30286,33420,15897,33472,15897,63843,39792,3049,65436,25403,17438,43082,11014,20624,44623,33472}},{31,705,54494,{60127,17809,13210,27827,53074,53585,38457,27827,27827,27316,33347,18730,24351,13210,9223,44488,35391,29871,2681,24862,61149,53074,15254,53074,60127,39479,53074,14232,14743,2681}},{108,340,9577,{55531,55531,5937,53157,44913,4685,47848,21303,55531,53157,44913,42539,31921,55531,4685,46596,34856,38352,22425,26612,5937,34856,44913,5937,4685,11246,24799,41287,14181,39604,5937,5937,55531,11807,55531,47848,31921,59588,55531,5937,39604,4685,12368,59588,30669,46596,41287,10685,46035,34856}},{139,214,65211,{51498,57416,54457,46214,60375,32053,43255,3097,27826,60375,9015,60375,46214,15990,56148,43255,61432,10706,27192,56782,20217,17892,14933,27826,60375,9015,60375,46214,15990,56148,51498,60375,9015}},{266,232,7022,{27652,59750,54814,21447,32588,16511,63501,52332,59750,46183,47424,38765,59750,59750,58509,26355,18937,11575,46183,26411,33829,11575,47424,58509,23929,6611,58509,26355,46183,47424,38765,62232,58509,26355,26355,32588,54842,31347,16511,32588,58509,48637,11547,31347,48637,52332,7824,15270,7824,16483,47424,31319,56055,16483,7824,15270,7824,16483,58537,63473,10334,40006,60991,31319,47424,46183}},{74,748,1876,{31403,22427,30914,26199,27142,31857,31857,26199,29971,26199,33743,23370,23370,14883,59658,21030,23859,12543,10657,21030,14883,48831,42230,12543}},{161,566,9017,{46804,36384,8779,48468,8779,32947,8997,63989,20972,62434,8997,32947,8779,48468,8779,32947,14098,12325,62434,58997,60552,63989,8997,350,17644,36384,45031,32947,48468,26073,22636,32947,29510,32947,26073,51905,51905,43258,29401,43476,24518,34829,3787,43476,43258,43367,34720,24409,8997,21081,36602,3787,8997,34829,350,63989,8997,350,17644}},{255,842,37530,{38782,25594,4452,41818,18059,9267,30409,11465,9267,9267,63798,61600,25594,40980,21198,38363,39201,51970,2254,50610,22455,41818,19419,6650,34805,50610,59402,60762,51970,61600,41818,15861,38782,56366,47574,1835,56366,47574,56366,47574,1835,56366,40980,21198,38363,39201,51970,61181,63798,7069,50610,9267,50610,63798,61600,19419,6650,34805}},{354,224,64912,{62862,61033,38870,40699,11435,64691,23700,10682,7024,40699,21118,8853,24776,38870,21118,8853,7024,40699,21118,8853,24776,38870,21118,26605,14340,57160,29725,40699,31554,999,32845,29187,31016,9606,27358,57375,11435,48768,47477,27358,45110,27358,9606,54793,17460,11435,40699}},{40,361,44599,{55549,17045,27652,9601,58831,39139,4797,51506,34335,31053,18686,29293,3917,29293,27652,9601,58831,39139,58831,59711,26130,31053,18686,26130,39139,58831,17045,27652,9601,58831,39139,4797,51506,34335,31053,23609,59711,24489,59711,29412,10481,18686,26130,39139,4797,17045,27652,9601,58831,39139,4797,51506,34335,31053,36737,54788,35976,51506,18686,42421,44062,17045,27652,9601,58831,39139,6438,54788}},{226,618,12164,{7654,52157,11236,32254,56854,38303,6539,61551,32254,7654,56854,7891,55976,49049,44115,6776,65133,61551,57969,56854,62666,22860,38303,36951,7891,55976,49049,32254,12351,26442,61551,32254}},{419,689,43932,{56471,21712,25970,48911,34486,60990,16759,21017,5636,60990,14152,22668,50562,60990,22668,33791,25014,64987,20061,34486,25970,12501,5636,18410,39700,22668,60990,21017,64987,29272,56471,28316,21712,25970,50562,8938,65248,52474,65248,12501,48911,8938,65248,52474,65248,12501,11545,22668,8243,25275,22668,60990,14152,22668,50562,60990,22668}},{355,409,25442,{26891,10015,17504,16273,36090,14187,17504,16273,36090,20445,11058,1671,44246,41305,42348,16273,51735,3945,21676,8117,17504,23762,31918,41305,29832,1671,44246,15418,18547,6031,3945,15418,1671,42348,31918,44434,17504,22719,23762,3945,17504,6031,8117,16273,17504,8117,26891,10015,3757,56950,44434,38176,18547,21676,17504,8117}},{436,288,37509,{35049,52283,49137,62542,44349,26294,56250,46812,17677,35049,55567,3451,35049,2630,23969,41341,48454,52421,62680,12068,20002,8922,48454,27936,56250,55567,3451,42162,21506,45991,988,8101,25473,49137,62542,44349,26294,56250,12889,23969,35049,3451,55567,24790,12068,64184,22327,62542,44349,305,17677,13710,23969,305,62542,53925,12068,16035,55567,62680,24790,23969,55567,13710,3451,56250,55567,3451,42162}},{87,372,9184,{46688,29152,47166,12094,63161,28567,44562,35794,2263,50248,29152,5930,45147,24529,52852,64224,60079,35794,27026,35794,44562,42543,11031,64224,10553,58538}},{395,685,54528,{54961,37569,62757,18377,12679,16577,23324,48363,36818,57059,61857,25273,25273,54061,45365,40567,54961,37569,62757,18377,51212,34869,18526,61857,57059,32020,54061,49263,40567,54961,37569,37569,43565,63806,48363,34869,43565,54961,3083,38767,57059,48363,32020,23324,63806,57059,54961,3983,43416,10730,4883,17477,4883,24224,4883,30971,50163,54961,37569,30822,30971,54061,30971,54961,63806,18526,54961,31871,18377}},{158,98,6847,{9890,3469,26598,20799,23354,8579,29842,8646,27909,63880,29842,20799,45239,1536,60014,1536,9268,1536,24043,56148,6713,63880,29842,2225,57459,26598,20799,23354,8579,29842,7957,51660,31086,36885,59392,23421,31775,17000,64502,57459,21488,63880}},{374,361,62311,{58363,59751,9110,38176,58363,58363,43483,18336,2762,29991,23296,48096,58363,18336,2762,28256,38176,58363,29991,33910,9804,28256,23296,60445,33910,39911,38870,22949,43483,43136,19030,58363,17989,48096,2762,59057,32869,17989,43483,64711,64711,34257,58363,48096,13029,39911,38870,22949,43483,43136,19030,58363,17989,48096,2762,59057,32869,17989,43483,39911,3803,38176,48096,22949,43483,29297,48096}},{287,374,49322,{6164,6164,50899,59846,15924,36981,50899,24058,36981,48278,42765,21437,15111,9327,24058,63280,59846,41952,62738,6164,30384,26950,41952,9327,39602,39602,33547,59846,62738,3272,42765,21437,15111,9327,24058,63280,59846,41952,62738,6164,30384,26950,41952,9327,42765,30384,50899,62738,27221,48007,36981,6164,48007,9327,59846,36981,18545,39602,6164,24058,62738,9327,57496,651,39602,48278,42765,651,50899,15111}},{28,459,16210,{48516,48997,48516,30909,1083,52461,53423,46592,41204,57849,23597,30909,19171,48516,48997,48516,30909,1083,52461,17728,57849,28985,18690,6471,1083,54385,60254,30428,22635,28985,30909,1083,1083,60254,602,48997,9935,24559,13302,1083,602,48997,48516,30909,1083,9935,39761,48516,24559,33411,17728,57849,41685,19171,60254,54866,11378,1083,60735,13302,48997,47554,48997,6471,48997,60254,46592,46592}},{377,275,27433,{28713,33614,61618,1533,11581,17841,62977,6969,30896,25995,33614,32255,61618,29537,19200,29537,9687,29537,6969,11581,28713,33614,40409,21094,29537,37691,6969,33614,21094,55358,34149,39050,9687,34973,62977,6969,21094,6969,33614,40409,21094,6969,33614,40409,47739,6969,33614,40409,21094,6969}},{477,564,21211,{59542,62943,24040,24040,33653,28031,21819,47118,17828,32473,55100,26261,59542,6445,37505,31293,54510,22270,44307,59542,16058,3634,62943,64123,54510,233,59542,59542,3634,56731,31293,17828,9846,37505,59542,56731}},{348,800,48674,{18946,2557,5540,15963,24842,45723,14419,2557,33826,42705,45723,27825,14454,29369,44249,39792,8488,15963,60638,8523,18946,24877,32352,60638,44249,2522,2522,50180,15963,8523,26386,27825,14454,29369,44249,39792,8488,15963,60638,8523,18946,24877,32352,60638,44249,27825,32317,5540,8523,29369,44249,32317,5540,63621,44249,26386,44249,15963,18946,42705,5540,39792,42705,45723}},{467,606,6508,{5058,6840,23331,2531,3125,26452,53343,28234,63743,43537,52155,13525,28234,2531,46064,46064,11149,53343,63743,33137,5058,6840,23331,2531,3125,26452,53343,28234,63743,43537,52155,13525,28234,2531,5058,52155,8028,63743,27640,63149,49779,43537,63149,2531,53343,49779,16646,46064,11743,49779,2531,53343,47846,49779,2531,53343,47846,35070,35070,49779}},{410,105,17419,{47560,47150,22219,23449,18529,17709,22219,56580,11969,2129,56580,47560,47150,11969,2949,19349,62320,11559,19349,23039,18939,19349,24679,11969,25499,19349,23859,23859,19349,18939,1719,5409,23449,23039,23039,19349,18529,25499,59860,19759,25909,23039,18529,25499,20989,23449,23039,59860,60270,20989,19759,56580,23039,23449,25499,56580,8279,56580,23449,24679,56580,23039,23449,25499,56580,8279,62320,10739,17709,24679,19349}},{216,569,64193,{12402,43485,1449,43485,46840,64059,12402,1449,36331,5100,56905,19260,5544,53698,50343,12402,12402,64059,53698,43485,42893,15313,33124,64059,43485,15905,33124,12402,1449,64059,12402,26118,43041,19260,36479,1449,43189,1449,43337,12402}},{29,148,13114,{54878,13419,64236,13419,41508,18775,29472,62902,13419,48193,37496,14763,54,48193,13419,53539,62897,64236,50861,38830,37496,1393,58890,41508,58890,37496,62902,10746,38830,48188,48193,37496,14763,54,48193,13419,2727,62897,18775,50861,26794,40169,1393,37496,48193,16102,41508,29472,28133,58890,20114,29472,50861,32145,48188,48193,37496,14763,54,48193,13419,42842,62897,18775,50861,26794,40169,1393,37496,48193}},{219,105,4684,{14571,7423,31245,33623,59837,50311,31245,31231,10990,58634,15760,37204,16949,2653,15760,62201,55067,7409,22908,2653,7423,52689,31231,16949,15760,2653,22908,44352,53864,19327,31231,3842,31231,5031,38393,38393,275,31245,7423,9787,26475,31231,3842,16935,45527,16935,40771,24083,49108,61012,15760}},{436,499,35559,{12927,49416,22737,5669,40203,20384,1162,51769,22737,46864,17832,30393,49416,5669,22737,51769,59027,15877,5868,30393,47063,30393,44710,56674,56674,764,10574,46864,23135,51968,30393,47063,3714,57072,3714,59226,49814,56873,61977,10773,30393,25289,12927,764,63932,46864,63932,12927,32348,1162,59226,61778,63932,51769,18230,30393,32348,10574,54122,15877,57072,3714,39805,3714,57072}},{185,132,29954,{17286,3967,13644,20963,31889,19749,2718,20963,31889,19749,13644,2718,41531,40317,39173,16107,17321,29461,20963,19714,25819,31889,37959,20963,36745,39173,12430,27033,17286,64632,13644,41531,20963,31889,19749,35496,2718,41531,41531,52492,12430,35531,17286,25784,29426,22142,17286,28212,31854,22142,17286,22142,19714,23356}},{319,588,35983,{21658,49188,11197,42092,45945,59527,11441,18171,56162,42336,18171,56162,42336,18171,42336,63014,21658,49188,11197,42092,42092,11685,46189,39215,59893,11685,11197,21902,18171,11563,38971,53163,32485,18171,56528,42702,11685}},{437,224,13773,{35412,50597,21716,49108,61981,10489,1907,49108,50597,23362,22206,57690,10489,17915,36235,61981,57690,50597,37391,19404,57690,1907,53399,23695}},{333,327,33759,{24186,7978,40066,23169,25236,58341,40066,53157,5583,64542,62475,6961,22480,38688,58341,6961,25236,57652,17985,6961,57652,21791,51779,20052,27992,25236,6272,23169,40066,40066,56963,6961,24547,13851,6272,58341,56274,57652,20052,2466,24186,7978,5583,17985,12473,58341,56274,57652}},{383,597,63625,{26439,64625,62517,9022,8089,18007,50802,44167,4806,48694,11130,22845,26439,50491,22534,48694,9022,4495,44167,64625,22845,40884,38154,14413,64003,24331,64003,14413,64003,24331,28236,8089,18007,50802,44167,42370,62517,42681,28858,3009,24953,54707,60720,64625,32763,60409,24953,62517,64625,15035,44789,62517,24953,22845,64625,42681,21048,26439,14413,8089,18007,50802,44167,40573,48694,15035,48694}},{154,433,7913,{37390,56600,43153,31834,45074,35469,56600,4526,43153,64905,62984,10289,3019,43360,35469,60442,10289,35469,4526,8575,50837,17973,43153,31834,12417,45281,50837,58521,10703,3019,60442,43153,12210,57014,6861,64698,6861,64698,6861,64698,6861}},{183,878,954,{8769,25733,7258,55403,35623,63988,31983,47024,57120,1695,1695,11997,60554,47024,16942,58837,11791,31983,48741,38645,3412,65499,65499,50664,15431,25733,7258,55403,35623,63988,31983,47024,57120,1695,1695,11997,60554,47024,10280,20170,60554,40362,3412,30472,57120,1695,57120,47024,62477,50664,38645,35623,59043,25733,7258,55403,35623,8563,60554,47024,3412,38645,18453,50664,63782,25733,25733,7258,1695,57120}},{13,79,16227,{21389,6425,23206,44263,62647,64678,23420,38170,10059,17541,6425,38170,21389,36353,17969,38170,36353,39987,38598,59227,47683,23420,45866,760,10059,17541,45866,6425,54951,45652}},{115,350,57925,{61901,3824,24543,37956,6636,14080,23137,736,9724,14218,57407,57407,20187,48488,35075,20118,38025,33531,20187,55932,736,48488,49963,47013,45400,51369,15624,57338,37956,6636,14080,23137,736,52913,41044,18712,3824,17168}},{462,759,52611,{32451,27660,13962,32451,37714,59172,21722,56878,35420,46621,63963,8024,32451,5055,53234,32451,27660,13962,32451,46621,28807,3233,2086,8024,56878,5055,53234,32451,27660,13962,32451,15581,29279,9171,46621,39536,3233,32451,13962,21722,5055,37714,43180,15581,15581,29279,49118,8024,41358,3233,49118,41830,29482,37714,4380,21722,18753,5055,3233,21722,41358,13962,46621,21722,13962,29482,63288,14434,50265,13962,15784}},{396,680,21330,{7627,29068,34717,7627,7627,3219,41650,13961,7028,19011,57442,23376,11436,30951,37242,39125,59924,24660,19610,17727,37242,14560,54275,11436,41650,59924,23376,45459,95,22777,27185,42934,42934,22777,95,22777,15844,31593,7028,19011,57442,23376,11436,29068,17085,5744,25901,48583,18968,3219,34717,41650,32834,56158,3219,52991,3219,18968,15844,24660,56158,3219}},{381,348,24852,{11201,2651,59622,42609,56859,28301,59622,2651,8351,19780,51130,65380,8438,45459,51159,62559,45459,51159,62559,45459,36909,5588,28417,31267,45372,56859,65380,42551,36851,14051,25451,59622,2651,51072,5501,34001,14080,59622,42551,5501,56772,65322,42551,59622,31151,5501,36851,39672,14109,48309,28417,31267,45372,56859,14080,31151,42522,53922,14109,25538,31238,31238,25538,56859,56859,5501,42551,8351,28417,31267}},{398,800,54984,{52612,27646,35854,49876,49534,51586,32776,49534,27646,35854,29014,15334,14992,52612,27646,40642,46456,52954,51586,34828,49876,48850,49876,50902,29356,32776,49534,27646,38248,15334,14992,52612,27646,40642,46456,52954,51586,40300,47824,53638,46456,32776,28672,29698,15334,14992,52612,27646,40642,46456,52954,51586,42010,34144,48850,47824,47140}},{105,862,35793,{23829,28658,1769,23829,60376,63887,25255,23829,55547,28658,5280,18341,1769,41060,60376,64546,44571,33487,47974,57632,23829,28658,1769,23829,60376,5280,56973,1769,62461,60376,48082,52911,45889,5280,37657,21085,4513,1769,23829,60376,63887,41060,48082,48082,52911,33487,19000,11427,21085,33487,7365,54888,11427,63887,5939,23829,65205,60376,21085,23829,11427,1769,5280,23829,1769,45889,34254,63228}},{299,200,22835,{30886,59255,40679,45861,55149,42765,14901,55149,4032,25704,60770,57674,46366,8709,41184,40679,45861,55149,42765,14901,55149,21598,2517,11805,27285,64437,58245}},{41,350,34144,{42759,3167,9371,57535,29096,1983,5606,20453,56280,11881,20524,48963,29167,53912,61371,19340,16759,1912,1983,55096,48892,42688,20453,5606,61229,42759,56280,61371,61371,19340,52586,47637,1912,48892,52586,3238,61229,50147,42759}},{451,281,11134,{37937,33341,64595,18429,43810,33341,16999,55709,39520,33341,55709,10973,54432,3823,8113,37937,34924,18429,45240,52696,40797,55709,3823,8266,63471,44116,18429,34924,39520,52849,52696,60152,52696,45240,2240}},{423,686,37606,{65383,37771,25493,5859,34093,27021,41449,37771,13215,38224,9990,48352,19043,65383,57405,55255,55255,7387,18590,37771,55877,5859,34093,27021,41449,37771,13215,17968,39299,65383,55255,8915,39299,17968,57405,65383,48352,16893,7387,18590,5859,34093,27021,41449,37771,60630,39299,17968,57405,65383,27021,7387,7840,5859,5859,34093,56330,37149,48352,39299,56330,39921,29171,64308,65383,48352,27021}},{209,94,49584,{56270,49729,39899,59411,33358,43151,52981,7009,16839,39714,29884,29884,26780,49729,13698,59411,23491,46329,53018,43151,20239,59411,56270,39899,59411,59559,43151,56270,13698,23528,7009,20202,16839,59411,7120,49729,39714,29884,29884,29884,53018,43151,20239,468,39825,468,542}},{399,644,59573,{50509,19511,50509,32895,1897,49804,42754,33600,49099,1897,19511,49804,17385,33589,33589,33589,36420,49099,1897,23730,63188,23730,63188,49804,4012,3307,11051,18806,1897,18806,35715,8231,42754,35010,23730,45574,17385,33589,33589,33589,36420,49099,1897,23730,63188,23730,27255,49099,16691,18101,17396,35715,18806,52624,35010}},{327,542,23190,{27756,6865,5085,27934,49003,26866,27044,27934,5085,49537,49003,5975,26510,30070,30782,33096,11315,11315,11315,26688,27934,5441,30960,50605}},{396,411,59877,{52555,60333,4401,49200,38067,28745,21234,49200,4401,15534,38067,32367,43767,24589,60066,27944,3600,3600,15534,38067,56711,27944,3600,3600,36256,52555,43500,47389,28745,47389,8023,54900,15534,24589,53089,4401,11912,15534,27944,3600,3600}},{145,377,30786,{30375,28832,53869,1273,46552,47365,40944,32001,48991,32001,15011,44196,9403,15824,28832,53869,36149,19972,19972,30375,28832,24767,2086,34440,32814,33627,15011,32001,63542,15824,50617,53869,15011,2086,15824,31188,48178,2086,15011,1273,15824,34440,62729,9403,61186,28832,59560,11029,36149,19972,19972,47365,37692,28832,53869,15011,2086,15824,31188,48178,2086,15011,1273,15824,34440,62729,9403,61186,28832,60373}},{260,678,37527,{21278,32866,32866,23120,19979,41856,61458,53444,21278,32866,15106,41856,26694,21278,21278,32866,65032,1243,3085,62757,31134,30268,26261,49437,15106,27560,26261,37849,37849,30268,41856,27993,15972,65032,34275,38282,11099,54743,15972,30268,41856,41856,15106,38282,37849,1243,37849,61458,49870,55176,55176}},{28,90,16589,{42009,16036,32044,34947,55663,59743,13133,44442,3717,17292,46796,1912,18469,43265,46796,56840,43814,15487,44442,18469,18469,46796,60371,43265,34947,7248,3717,18469,60371,43265,19646,44442,18469,34947,60920,42009,16036,16036}},{296,267,62654,{24612,13848,24772,32725,34439,63303,42552,61429,38964,24772,61429,42552,6672,24772,42552,46140,64080,24772,5735,9483,21961,24612,60492,24612,65017,35376,10260,24772,64080,21024,10260,42552,11357,7769,7769,7769,61429}},{369,436,11724,{49113,26127,37131,4812,15028,32023,4812,29564,24361,19348,48230,24361,4812,4812,47347,10803,47347,2258,44793,14240,47347,4812,24361,29564,9132,14240,4024,27010,19348,14145,40663,43217,43217,43217,43217,28681,15028,9920,55009,65225,37131,44793,29469,47347}},{65,331,32737,{29322,36293,64173,26534,16775,43262,40474,26534,64173,8411,16775,50233,48838,58599,2837,44659,11201,29324,20960,11203,32114,32114,32114,32114,36293,8411,4228,22351,64175,61385,58597,61385,64173,5625,58599,16775,44659,36293,11203,32114,32114,32114,30715,18172,55811,54416,58597,26534,48838,39083,18172,11203,32114,32114,8411,16775}},{235,107,37056,{55460,113,62835,58259,17929,55460,21361,21361,113,62835,12331,18562,43120,35356,56604,20728,37522,31924,58259,53805,58259,47063,40321,58259,3423,28614,20728,17929,17929,58259,52661,34723,18562,61058,37522,17929,52661,34723,3934,20728,17929,18562,21361,113,62835,62835,3934,61058,61691,24671,62713,11820,17929,47063,15130,61691,47063,17929,55460}},{266,560,64204,{52553,2554,2753,3748,52553,4146,55339,63299,1559,3549,1559,166,2156,763,52553,3748,1360,763,2554,48175,47976,47976,47976,65488,57727,59518,3350,763,65488,3748,763,54145,4345,54941,62901,4345,763,763,2554,60712,2554,962,2753,55339,2554,763,4345,54145,55737,55339,56135}},{83,42,56386,{5197,34590,44194,7234,41117,41117,41117,41117,9895,7858,5613,62154,1123,21536,57664,50929,26026,37251,55211,21536,7858,26026,53174,23781,7858,21536,3368,26026,5613,46439,48268,61738,34590,7234,41117,41117,41117,41117,55211,3368,14801,19291,41533,57664,28271,57664,21536,59493,48268,26026,32345}},{431,706,57070,{47740,3191,29908,29908,29908,10223,26737,31195,33110,5765,37568,51570,53454,26737,3191,29908,29908,61742,17852,22938,3191,29908,61742,17852,22938,26737,26737,3191,3191,29908,54113,37568,10851,5765,61742,24194,20395,17852,15309,61742,42026,54113,53454,15937,12107,63657,38196,16565,679,12107,57284,16565,39483,12107,18480,16565,54113,18480,10223,26737,3191,29908,20395,35025,5106,17852,56656}},{164,50,18148,{11580,3435,11302,3435,11580,47857,40546,62479,15342,12905,12905,11302,8587,62479,30798,60042,15342,12905,12905,11580,30798,33235,22931,25368,15342,12905,40546,62479,38109,15342,12905,6706,40546,11580,14017,6706}},{303,44,48680,{61202,9084,37987,56545,29988,61202,41080,56545,56545,17865,50110,52172,8835,17865,9084,65326,31019,2898,50110,50110,16834,5742,15021,20958,51390,52421,2898,50110,50110,16834,5742,9084,34112,8835}},{321,125,16436,{5320,18248,57618,62613,21772,26181,47042,29119,37052,26181,30,47923,44985,47923,5320,31176,48804,32057,33819,57618,47923,5320,31176,23243,37052,26181,31176,57618,62613,21772,26181,47042,29119,37052,26181,30,47923,44985,50861,5320,31176,29119,48804,32057,33819,57618}},{32,261,54222,{63419,23697,37591,41569,896,45547,57452,12772,12772,23697,30644,7814,37591,16779,39609,22746,14761,5825,41569,25686,14761,896,36611,9803,49525,5825,30644,32633,23697,7814,37591,1876,2856,64428,16779,49525,5825,30644,32633,23697,7814,37591,16779,39609,22746,22746,14761,5825,41569,25686,14761,896,32633,53474,30644,41569,12772,23697,5825,30644,896,41569,45547,3836,64428,46527,25686,62410,30673,12772,44538,12772}},{280,651,29897,{29568,45299,7762,54749,36318,44521,34968,54749,19340,44521,16537,59577,51374,64302,55424,27440,34968,64302,44521,54074,20690,64302,54074,9009,57552,28893,4284,17887,34968,26765,54074,28893,29568,45299,7762,44521,16537,20690,33618,7659,56099,54074,59577,43171,60252,7659,26765,39796,20690,64302,54074,9009,57552}},{307,827,37853,{48491,54596,53779,468,60701,48491,60701,48491,60701,36281,30176,37098,33444,3736,56616,20803,54596,59067,62721,56616,32196,44406,43589,19986,1671,55799,20803,23254,19986,61904,19986,43589,6573,41569,55799,54596,23254,62721,43589,20803,33444,3736,56616,20803,54596,16332,62721,43589,50511,55799,37484}},{251,452,25700,{37083,18138,585,59791,56028,56028,2441,353,30072,42238,585,353,55564,42238,48553,37083,24917,42006,47857,35923,585,42006,42238,18370,19530,42006,18370,121,25613,31696,12751,24917}},{417,239,9230,{62843,60685,9908,33930,55219,9908,31701,22423,44791,18036,1709,5521,25156,62843,60685,9908,33930,55219,9908,5521,13720,28464,31197,24652,36663,33355,20265,24077,31197,7175,25156,33930,55219}},{91,192,37309,{2792,4002,31249,50386,58496,15598,49248,37652,32956,32387,8057,9195,9764,10333,56148,29470,33525,50955,32956,44552,49248,49248,37652,6278,41066,32956,9764,6278,42276,32956,43983,50955,59065,29470,21929,33525,9764}},{332,568,3732,{38781,60674,50737,29160,38781,50737,26825,58971,23261,64712,58813,9128,8970,18907,1052,20926,50737,23261,21242,11463,49192,60674,9128,29160,23103,1052,48718,1052,18907,52914,38781,29160,36920,11463,49192,60674,9128,29160,36920,3071,30863,60674,20926,38781,50737,46699,46699,52914,47015,11463,49192,60674,9128,29160,36920,18907,5090,38781,46699,28844,5090,18907,50737,38781,60674,16888,52914,19223,29160,7267}},{93,317,42975,{59764,60383,4673,14577,37480,16434,5911,60909,3435,63385,59671,28195,4673,4054,59764,59764,60383,64623,62766,4673,5911,64623,46146,64623,5292,64623,28195,20767,63385,60290,59671,5911,63385,4673,3435,37480,63385,3435,57814,41194,44908,13958,3435,57195,59671,18910,5911}},{41,757,18512,{36033,34550,52930,45830,64210,57694,36348,52930,36033,52930,39898,43448,54413,24169,34550,32483,20619,50863,54413,8755,59761,39898,30101,34550,25652,42864,17069,39898,14103,62727,17069,62727,38415,62727,17069,64210,57694,36348,52930,36033,52930,39898,44931,51447,5789,54413,27135,54413,51447,30101,32483,20619,50863,54413,8755,59761,39898,30101,34550,25652,42864,17069,62727,38415,59761}},{346,168,62545,{7127,57941,7127,57941,1777,33855,53912,33899,37906,33899,32534,24520,57963,17849,53956,3142,44599,39249,49949,59306,63313,56620,44599,57963,59306,24542,19192,57963,44599,43256,59306}},{202,594,58060,{15693,30745,1607,35092,62017,37507,39720,56704,39720,27083,25634,47729,23219,39237,1607,23219,27083,25634,59602,62017,37507,39720,56704,39720,27083,41169,64713,6235,39237,16659,31711,55255,64713,1607,35092,43101,62017,37507,39720,56704,39720,27083,41169,64713,6235,39237,17625,47729,39720,47729,55738,18591,1607,23219,27083,41169,62017,37507,39720,56704,39720,27083,41169,64713,6235,39237,8167}},{404,193,64510,{28012,10773,4357,21920,58731,34752,39483,58731,6042,63138,58407,58731,30021,34752,31058,24966,39483,36437,6042,55361,28012,10773,4357,21920,58731,34752,39483,58731,6042,31058,29697,39483,63462,6042,19587,61129,10773,33067,10773,31058,24966,39483,36437,6042,63138,6042,36437,6042,19587,61129,10773,33067,10773,31058,60092,9088,23605}},{250,109,2155,{21381,47559,65011,14236,37404,62153,62457,62457,37708,63582,6787,37404,53427,63582,17246,40262,8216,14236,49140,47559,40262,65011,53427,47559,37404,21381,36127,47559,21381,8216,18675,1223,59295,21381,32965,65011,6939,24239,65011,65011,6787,47559,1223,43424,62457,37708,40262,8216,36127,34546,54856,16942,21381,14236,18523,56437,54856,22810,4081,36127,47559,21381,8216,18675,20104,52150,53579,53579,52150,20104,52150,4081,4081}},{18,279,51936,{47332,45615,3288,34522,7267,62404,60060,61777,34522,4378,11328,4378,61777,19450,42099,9611,10783,4378,42644,35149,62404,19450,31633,7267,5005,58343,43271,20077,31088,7894,43271,16016,43271,58343,35149,47332,45615}},{445,145,37285,{23608,21682,40153,14282,41116,36844,13319,50261,31790,684,3211,63678,47734,34317,62114,3211,5738,3211,684,53751,1647,47734,14282,52006,10792,10792,44606,23608,21682,40153,14282,25954,55315,61151,42680,1647,24390,24390,44606,23608,21682,40153,14282,20118,63678,42680,3211,41116,63678,42680,42680,3211,47734,62114,3211,5738,3211,684,1647,10792,36844,5738,21682,55315,44606,23608,21682,40153,14282,7483,36844,684}},{7,159,6624,{284,27258,1560,40562,8850,4567,62432,62432,1194,35824,22975,8850,17416,35824,33727,5843,16140,40562,54687,27258,5843,1560,17416,27258}},{367,617,10034,{60194,49929,37372,36497,49929,23065,2646,33441,1007,62597,27871,64125,15967,36497,49929,15967,33441,30274,25579,63472,43595,49165,37372,27871,64125,15967,36497,49929,15967,49165,4938,22301,29399,33330,43595,58666,1007,55499,29399,8869,37372,36497,49929,23065,2646,54735,47637,27107,30274,25579,63472,43595,49165,37372,59430,4938,15967,49929,36497,5702,58666,43595,23065,25579,25579}},{216,117,65326,{42552,10295,11303,7271,6599,10295,50280,12647,1895,60024,64056,10967,12647,12983,6599,10967,7271,7943,54984,10967,7943,13991,52968,50952,2567,64056,1895,12983,12311,11303,9959,7943,50952,53304,42888,42552,12647,1895,54984,62040,11303,10295,11303,12311,60024,10967,54984,551,8279,8279,42888,42552,12647,1895,54984,2231,8951,9287,7271,9959,10967,7943,12647,12647,60024,55992,54984,57336,42888,42552,12647,1895,54984,887,6599}},{404,646,63733,{34410,19862,50094,26568,45660,30489,14805,49068,49068,52989,57936,46173,27704,35546,57936,28327,50094,23783,45660,64129,50094,30489,26568,35546,50094,27704,19862,38954,50094,19862,14805,62480,20485,10371,34410,35546,54015,19862,20485,58559,49068,52989,50094,23783,38954,24919,4178,3042,19862,45660,17077}},{169,757,31436,{6253,32496,3458,5882,34920,28959,61534,61905,12956,20401,49439,45902,42365,49439,20401,49439,45902,42365,38457,34178,8677,28959,36033,34920,50181,54460,25422}},{485,81,35439,{46987,33533,46987,33692,46828,35282,47623,8851,46987,59964,48736,35759,46828,34010,59646,49054,9487,62031,35600,62031,9487,62031,35600,35918,50008,63144,46828,47146,35759,35123,21033,60282,20715,7738,59805,33692,20397,46828,47146,21987,33692,7579,33692,59805,35600,35282,46828,35759,60759,50008,63144,46828,47146,35759,47782,21033,59805,34010,46828,33533,35282,46669,59646,50008,50008,63144,7579,33692,60282,21033,7579,23100,46828}},{349,105,13003,{7469,58876,57581,48128,20288,14720,54991,48128,43855,32719,11354,48128,32719,63537,44762,12649,56286,57581,25468,42560,25856,48128,32719,25856,12649,39194,15239,20807,48128,7469,11354,25468,42560,25856,48128,32719,25856,7469,54991,38287,10447,9152,20288,58876,56286,19900,10447,53696,11354,48128,32719,63537,44762,60171,22490,218,39194,15239,20807,48128,7469,11354,18605,54991}},{65,811,54669,{30356,47497,25550,32759,64958,25550,13535,36442,36442,2480,30356,47497,32759,1200,30356,25550,62875,64318,3603,11772,25550,13535,11772,64318,25870,11772}},{162,24,13983,{53411,19219,17012,50548,4904,19219,17012,17012,7767,36233,53411,56274,7767,51040,16356,27644,4904,53411,61836,44822,36233,4904,51040,53411,10794,7767,39588,2041,56274,64699,33862,51040,61836,56110,61836,33862,51040,39096,44822,4904,39260,33862,51040,39096,56274}},{92,709,12532,{37626,47863,45092,25580,5106,6732,8358,47863,40214,55329,53703,18114,22992,3480,228,18114,25580,3480,5106,25580,7213,25580,26725,21366,29496,31122,228,21366,3480,6732,48344,21366,6732,36000,38588,28832,21847,27870,228,19740,6732,28832,40214,55329,53703,3480,5106,48344,42985,13236,40878,6732,25580,7213,25580,46237,18595,13236,19740,54848,48344,21366,6732,36000,38588,51596,48344}},{413,523,60436,{50214,34507,48307,1186,64014,48307,1186,64014,48307,1186,34507,54814,52907,13079,58293,51335,6121,23400,36414,10721,51335,17228,1521,28335,32935,23735,12628,6121,56721,32935,37535,32935,28335,59414,1186,400,1186,12628,23400,56721}},{433,495,38705,{38002,40741,30777,50964,31532,11345,30777,29785,35263,38002,40741,50209,28534,14084,19821,59181,19821,1877,38002,40741,50964,50964,31532,55191,47966,11345,38002,55191,19821,11345,8606,19821,59181,19821,30281,28534,60173,14084,38002,28534,11345,50209,29785,28534,50209,6859,44235,58685,1381,30281,44731,47966,40741,28534,50209,40741,58685,63667,50964,31532,11345,8606,29785,44731,47966,40741,28534,50209,40741,8606}},{211,600,50684,{53972,45555,53367,19699,3470,17937,23934,17937,22119,47975,53367,20304,498,61179,20909,35928,17332,16727,49790,17937,16122,58207,35981,60627,4680,30536,498,14307,53972,28116,20909,61179,44345,17937,23934,17937,4680,45555,35981,35981,60627,44950,36533,4680,53972,44950,17937,4680,5890,17937,23934,17937,55787,61179,3470,44345,53972,61179,4680,20909,498,61179,20909,35928,17332,34166,22119,55787,5890,44345,28116,36533,4075,20909}},{445,145,53525,{61591,24816,9834,43168,57074,729,54709,9905,50192,19152,50192,15711,62738,13346,62738,18005,54709,32916,9834,43168,57074,729,54709,32916,21446,53633,57074,52486,18005,55927,47898,47898,62738,13346,62738,20228,9834,43168,57074,729,54709,32916,15711,58221,18005,47898,16858,58221,15711,55927,18005}},{353,436,62750,{24802,43198,10473,4940,10473,11939,28136,37334,57598,32936,24802,23336,28136,14871,40999,1606,8605,34000,50930,10473,4940,10473,24802,49464,57598,57598,32936,50197,58662,24802,40999,50197,10473,50197,140,50197,10473,4940,10473,38800,34000,26268,50930,40999,34000,24802,8605,28136,34000,8605,59395,11206,59797,47998,8605,18536,50930,47265,40999,140,8605}},{231,812,25854,{25224,57541,27036,59168,7365,25224,31362,25224,23967,40569,857,29735,55729,19456,14760,19456,13133,49776,857,11506,34616,23967,63309,55729,5368,40754,62052,23967,45265,51403,19456,62052,51403,19456,62052,51403,19456,34616,7180,27036,59168,7365,25224,31362,25224,23967,16202,49591,60240,857,46522,857,49591,63309,19456,14760,19456,13133,49776,857,11506,34616,23967,63309,55729,5368,40754,62052,51403,19456,48334}},{494,679,7250,{38912,36978,33110,16427,36978,33110,61397,36011,47859,3856,35767,54384,35767,59463,22229,10381,32866,57285,12315,37701,36734,38668,58252,11348,28031,37701,10381,58252,16183,15216,10381,37701,55351,58252,32866,18117,33110,64298,33110,60430,47859,3856,35767,54384,35767,59463,1678,36734,58252,60186,33110,64298,33110,58252,59463,1678,38912,47859,3856,35767,54384,35767,59463,28031,55351,39635,60186,49549,34800}},{395,756,6632,{652,6392,25252,61006,25252,64286,63466,9425,53379,26319,7212,26319,65106,32879,6392,23039,2292,59366,25499,26319,25499,24679,41899,25252,61006,25252,3932,65106,32879,9425,53379,26319,7212,26319,65106,32879,6392,23039,2292,53626,16232,26319,27139,49526,3932,47886,6392,3932,2292,25252,61006,25252,36979,3932,23859,47886,65106,32879,6392,23039,2292,53626,16232,26319}},{490,302,31757,{26476,7835,40318,63758,54715,40318,30720,33495,51026,54715,31275,30720,25562,49002,21677,59514,21677,33495,60069,54715,2481,30720,34050,9500,34050,30720,2481,30720,25562,49002,21677,59514,21677,33495,22787,17433,12079,54715,40318,30720,34050,9500,34050,36074,12634,25562,25562,49002,21677,16878,36074,17433,21677,34050,49361,17433}},{155,268,47332,{45698,41822,60867,45698,3732,31815,3732,508,29560,54736,46667,3415,29560,52798,36660,21808,29560,36660,22460,4701,53115,42791,36660,14391,46667,41822,3415,60867}},{467,634,33940,{29048,16216,48907,36075,64822,57295,25965,64461,16216,37436,6467,16216,8189,24604,59156,56073,29048,33853,55573,33853,39658,42741,59156,23743,38297,8189,31270,29048,33492,28548,23243,8189,45824,58656,33853,23243,58656,33853,23243,58656,33853,38297,53351,36075,64822,57295}},{386,349,11250,{53228,64882,24457,11015,61207,24457,55744,61836,13432,64253,35482,60578,35482,13432,17107,41673,619,41673,43461,40415,35482,20782,41044,55744,17107,50182,49553,12273,44719,63094,41673,59419,44719,44719,41044,63094,41673,48394,63094,41673,33694,8598,57002,60677,53228,64882,24457,11015,61207,24457,55744,47765,64882,57532,28132,42832,2407,13432,56903,17107}},{72,737,46249,{13117,54513,9656,37259,20005,23449,47591,37259,9656,26910,20005,64845,40686,58008,64879,58008,30405,16646,2853,64828,37259,57940,9690,51052,57940,54547,57974,33798,20005,37242,58008,64879,58008,20005,54547,57974,44198,16646,2853,64828,37259,57940,9690,51052,57940,54547,54513}},{107,128,19445,{11331,62619,55270,11021,18680,33533,11331,31983,3362,31983,46836,3207,24324,38867,26184,3982,40572,47301,54960,40572,24944,61999,11331,62619,55270,47146,62464,40572,62464,18835,17750,31983,3362,31983,11486,24944,10711,24324,38867,26184,3982,40572,47301,54960,40572}},{295,512,31295,{697,56382,10600,5682,54996,7068,61300,22582,26807,51464,63446,43014,10600,63446,54996,42254,45093,42254,11986,63446,9907,43014,697,56382,10600,5682,54996,7068,61300,22582,26807,51464,63446,43014,10600,63446}},{7,339,36863,{61735,27038,33650,16034,37507,59531,61735,20426,63923,40262,36405,16585,32548,58429,16585,27038,12177,58980,18789,61735,46307,29793,46307,39711,61735,17687,16034,60633,37507,27038,15483,17136,17687,38609,36405,61735,25936,24834,25385,27038,6116,15483,24834,48511,46307,36956,58980,15483,56225,47960}},{26,251,12211,{13215,23206,48044,61292,16912,9019,51301,16912,46665,34576,61292,22487,21328,62451,2505,55497,27842,55497,41310,31319,13215,13215,23206,16912,52460,41310,61292,16912,55497,12496,43408,55497,27842,55497,38992,62451,12496,2505,61292,62451,41310,21328,46665,62451,21328,38053,41090,35515,60133,21328,28062,2505,43408,58035,2505,2505,52460,62451,35515,31099,13215,23206,12496,43408,46665,4603,46885,8080,21328,55497,27842,55497,50142}},{325,66,27844,{59036,52266,9034,57017,34728,63747,29977,31996,34055,2304,56344,54998,45536,57017,35401,56344,54998,13112,56344,54998,57690,23247,30690,41498,9707,15131,34728,60382,52939,9707,52266,64420,52266,52939,63747,54998,3650,54998,6342,59036,52266,9034,57017,34728,63747,29977,31996,34055,13112,56344,54998,2304,57017,56344,54998,13112,56344,54998,46209,13785,23247,30690,41498,9707,15131,34728,15131,7688}},{90,878,25427,{64570,31298,47934,2185,14662,55229,18821,60411,1095,14662,27139,14662,2185,2118,15618,26049,15618,18821,22913,16708,52093,52093,41595,45754,63547,5254,22913,61434,56252,42752,59388,15618,26049,15618}},{77,516,11539,{24624,24624,49523,20530,14301,35106,44935,6113,6766,43294,29371,35106,6766,43294,43294,29371,378,64099,29371,7913,29371,50829,32159,21183,32159,30518,16595,7913,14301,1525,49523,20530}},{65,279,38347,{61270,37860,53711,7108,16567,26026,26501,16092,30993,18942,58203,18942,21534,56778,29826,29826,60103,11125,51336,21534,16567,11125,18942,61270,51811,12075,18942,58203,18942,22484,16092,61270,30993,16567,16092,21534,26501,53711,16092,26501,5683,38810,23909,52286,22484,7583,51336,26026,16092,26501,26026,23909,8533,29826,60103,61270}},{476,226,15414,{3205,45942,60199,24582,21717,25989,20293,7477,25989,45942,1781,6053,13173,30261,27413,40263,16038,40263,50214,26006,13173,18869,60199,20293,7477,33109,51655,64471,57351,40263,63047,53079,8935,7511,27413,3205}},{32,887,2353,{32055,61293,11839,52633,27906,27544,52995,48122,50823,16350,50823,38014,1369,25010,25010,14902,32779,63103,7328,52633,32779,50823,37652,2455,32779,32779,50823,16350,50823,6604,52995,38014,48122,52633,52995,7328,27544,61293}},{430,320,17854,{24827,21726,27928,58949,13201,25605,11645,34908,60883,21726,13201,22893,26772,62828,31418,54292,28317,34908,31418,19792,18236,28317,5054,19792,22504,19792,58949,57782,21726,51191,38398,19792,9711,19792,60883,8544,24827,38398,22893,19792,3120,19792,58949,60883,34908,57393,38398,19792,9711,19792,60883,8544,24827,38398,22893,26772,62828}},{232,617,2241,{47363,23593,65344,65344,54263,45024,23593,63619,33446,55988,934,55988,7337,32832,23593,13740,44410,54263,27657,33446,21868,36282,55491,5612,45638,26429,55988,16576,26429,55988,30493,26429,55988,16576,50199,11898,63502,47363,23593,65344,65344,54263,4998,43299,5612,51427,61280,17804,41574,59555,27657,19529,18915,41574,65344,41574,17804,58327,55988}},{286,477,43042,{31541,21453,1140,12767,10339,7022,45083,43544,60403,11741,11741,12767,37799,28600,45459,54145,16084,45459,45972,60403,3055,16084,29113,60403,13656,16084,11741,21453,31541,21453,2166,7022,45083,43544,60403,11741,11741,12767,29113,37286,45459,16084,1140,34858,21453,31541,21453,7398,37799,7022,7022,45083,11741,28600,26685,37286,11741,21453,43544,18512,21453,31541,21453,33456,1140,7398,34858,37286,1140,26685,16084,12767}},{11,633,60823,{61836,32339,25812,36258,60274,52701,35212,59228,35993,23985,61836,32339,23985,60274,10415,25296,51139,6496,64709,12242,59228,35993,23985,61836,32339,23985,64709,4669,58182,60009,11977,63663,46439,17723,46439,52701,33385,60009,22158,12242,61836,32339,25812,36258,234,63928,46439,26077,10415,25296,51139,6496,64709,12242,50874,4669,23985,32339,61836,37820}},{466,606,32134,{51449,9093,51449,5694,64574,57933,57933,56469,56469,15002,57933,51292,12335,60443,57933,51449,12335,38010,44651,62953,51449,9093,51449,53802,29748,5694,62953,56469,15002,57933,51292,12335,60443,57933,51449,64574,20597,4073,57933,64574,53802,64574,9825,47161,51449,9093,51449,5694,60443,57933,20597,29748,56469,56469,15002,57933,51292,12335,60443,57933,51449,5694,38010,9825,12335,62064,64574,51292}},{133,330,38430,{47718,19924,28372,4750,474,64926,49856,44511,38097,25165,24096,474,44511,27303,44615,24096,47718,4750,28372,49856,23131,33925,55409,55409,25165,26234,21958,64926,25165,19924,43442,64926,27303,17682,24096,474,49856,45580,19924}},{14,844,46692,{64063,62083,22563,55367,24630,44002,25921,22563,42624,8529,45293,33928,60016,52009,39955,36597,60016,24630,43313,8616,62772,62772,8529,42624,37286,14556,8529,62083,22563,33928,14556,11198,33928,43313,62083,64063,62083,22563,55367,24630,44002,25921,22563,42624,8529,45293,33928,60016,17914,42624,22563,39955,33928,39955,42624,31259,24630,43313,8616,62772,62772,8529,42624,37286,14556,8529}},{283,771,7369,{17737,35920,2586,64995,34773,14216,47550,17737,55330,17737,6845,2586,47550,43291,33626,14216,1030,2586,6845,24290,64257,64257,49106,12660,24290,53365,47550,33626,34773,18475,41735,49106,47550,49106,18475,12660,33626,15772,17737,27811,17737,41735,47550,2586,35920,47550,15772,4551,17737,39441,17737,8401,2586}},{214,496,19111,{62742,43433,12625,35743,1078,43457,58789,35647,982,58789,35647,35671,20243,58741,24052,24052,58741,24052,24052,51171,24196,1054,62718,51171,35647,1054,62718,51171,1054,8744,35647,58813,35647,20339,12625,55028,8744,35647}},{389,43,11287,{33373,59629,4795,54509,23609,36618,58230,42661,8040,59629,23847,59629,4795,6879,23609,46144,49865,59629,52425,59629,6879,34296,16405,49865,14321,14321,46620,37094,37094,42661,17566,54509,49865,59629,8278,59629,6879,23609,8040,24770,61951,5718,62874,25931,25931,54509,4795,42661,23609,62874,42661,49865,59629,23847,59629,25008,15482,15482,15482,59629,33373,59629,15482,61951,63112,14321,59629}},{330,619,13861,{29940,52294,61904,45922,45922,45922,28295,12313,12313,28295,12313,12313,22027,4452,9231,42788,22027,52294,57177,39602,53991,42788,22027,33178,9231,18841,52294,57125,52294,49108,9231,34823,52398,63549,52294,63497,52294,38009,39602,53991,63549,65090,52294,29940,52294,49108,38009,42788,17248,63549,52294,63497,52294,38009,39602,53991,63549,65090,28295,12313,12313,57177}},{379,131,60806,{55978,28644,28644,25698,38024,55978,10287,5062,44055,20070,44055,63482,43652,55978,41373,11093,25698,54102,5062,37621,14845,17791,55978,54102,19667}},{282,818,37688,{28658,48178,16212,32441,63915,25480,33046,63915,25480,41709,63915,25480,33046,37926,31457,22794,22794,49767,64407,28658,13526,7549,28658,15720,17309,33538,1572,32441,25480}},{355,179,39386,{24460,1072,54454,25889,17498,12499,716,4108,59809,32673,37672,17498,29281,44456,25889,34636,9463,54810,59809,48026,32673,9463,51418,1072,52847,62845,17498,31066,6071,39813,2857,61238,716,24282,39813,39813,2857,57846,34636,54454,12677,59809,9285,716,9107,62845}},{464,57,10328,{46972,42620,19458,53703,16489,9758,36682,26982,59641,9758,9758,19458,50734,46972,56082,3820,31334,9758,50734,46972,22427,59641,9758,56082,22427,9758,44003,31334,46972,40444,1054,16692,16692,22427,3820,50144,22427,9758}},{172,885,34005,{12124,64167,27550,19679,6280,56454,2463,19837,25523,4411,12124,64167,27550,35184,14072,12124,2463,31209,44766,44766,31209,10097,4411,64167,33315,19679,6280,56454,2463,19837,25523,4411,12124,64167,27550,35184,14072,12124}},{359,17,64311,{13788,52505,3283,12705,64472,25376,13788,50339,64472,44924,44924,12705,58678,45628,40917,12705,5828,40917,26459,58678,32253,64472,44924,52505,28625}},{96,324,11698,{51452,56829,47156,2062,29972,38564,60044,55748,49318,11707,38564,56829,22489,16031,16031,22489,50399,29972,60044,25676,17112,53614,51452,56829,47156,2062,29972,38564,60044,55748,49318,11707,38564,56829,17112,49318,34268,60044,48237,4196,22489,55748,4196,56829,29972,59019,54723,54723,54723,8492,51452,45022,21380,8492,52533,8492,29972,65421}},{254,804,65118,{7243,16185,7243,39922,43824,37971,3666,50165,52116,52116,52116,37971,47726,5617,11470,39922,3666,38784,55530,61383,5617,3666,43824,57156,61383,51628,47726,37971,39922,55205,50165,52116,52116,3666,51628,5617,50165,52116,3666,51628,5617,55205}},{403,609,54305,{53925,50566,50566,33549,14686,36908,41079,7968,8780,48720,17233,36797,19780,37720,12139,24062,48720,60643,26609,9592,15609,37720,216,48720,48720,26609,58096,19780,36908,43626,36797,48720,58096,19780,29156,216,48720,36908,29156,48720,17233,36797,19780,53925,50566,33549,33549,29156,43626,31814,29156,2763,47908,14686,29156,9592,29156}},{263,190,65336,{48074,33199,13366,20449,48074,26824,13366,30366,37449,48074,52324,62949,60824,43116,60470,58699,28949,56574,34970,48074,52324,62949,60824,58345,5928,52324,28949,13366,9470,9470,13366,26470,48074,62949,45949,43116,60470,58699,28949,56574,34970,48074,52324,62949,60824,58345,5928,52324,28949,43116,43470,50199,62949,58699,28949,43470,50199,65074}},{471,219,53688,{41994,38118,41994,4873,1966,42664,37149,2935,42664,40056,4873,3904,34242,1966,35881,49746,35211,41994,2935,55560,4873,3904,34242,1966,17470,32304,3904,41994,42664,61374,61374,42664,57498,4873,34242,38118,35881,49746,35211,41994,2935,55560,4873,3904,34242,1966,17470,32304,3904,41994,35881,17470,37149,34242,42963,7780,5543,42664,1966,7780,41994,4873,53323,21047,21047,21047,34242,3904,9718,43932,1966,41994,50715,5842}},{228,596,26368,{46951,725,62387,12220,35702,46951,27656,19938,643,4502,31843,20430,24289,24289,62387,27656,725,20430,24289,62387,27656,725,31843,31843,20430,20430,24289,35374,35702,8443,12548,39397,27656,19938,643,4502,54833,27656,725,62387,725,31761,62551,23797,27656,27656,62387,4584,4502,35702,58528,643,27656,4584,4502,46951,23797,27656,35702,46951,27656,19938,643,4502,31843,20430,24289,24289,46951,58528,1053,46951}},{421,722,8850,{8254,52216,31079,9098,42932,48418,52638,6988,30657,46730,8254,52216,31079,9098,26437,53482,52216,6988,62803,45042,45042,62803,24327,8254,31079,51794,42932,48418,52638,6988,30657,46730,8254,52216,31079,9098,26437,53482,52216,6988,42932,3612,30235,31079,52638,6988,23905,31079,9098,9098,30235,8254,43354,62803,30235}},{86,766,4909,{3463,47375,38646,26380,47682,35416,24765,65447,22189,14114,61563,3463,25419,26380,47682,35416,24765,11538,12499,47682,61563,47375,28649,28649,47375,48336,26380,35416,15729,65447,22189,14114,61563,3463,25419,26380,47682,35416,24765,11538,12499,47682,61563,65447,11538,37031,35416,40261,27995,47375,24765,27995,61563,26380,9616,64486,64486,64486,38646,14114}},{90,247,10418,{42429,12876,5939,38058,5939,39341,44995,55542,13398,55542,64523,31121,12876,7222,18530,26511,46039,46039,18530,39341,38058,26511,46039,18530,39341,38058,10832,10832,26511,26511,46039,12876,19813,57586,31121,12876,55542,64523,33687,39341,57586,53215,5939,19813,39341,55542,64523,19813,26750,57586,18530,42429,18530}},{360,487,45817,{28781,2272,10512,25898,14223,56118,56118,20265,52407,47050,40732,9827,39771,9827,59962,38534,28781,7353,12986,20265,36336,38534,59962,65319,2272,10512,31255,9827,59962,30979,18067,40732,31255,9827,59962,38534,57764,40732,25898,14223,56118,56118,36336,41693,20265,38534,36336}},{171,353,3726,{53541,15593,36431,5640,46384,57269,59344,60276,47316,53541,58412,53541,43588,60276,54262,33424,35499,53541,12797,53541,64215,36431,5640,35499,50534,53541,26689,53541,43588,64215,46384,9579,35499,53541,12797,53541,64215,36431,5640,35499}},{92,457,5927,{37689,19692,46588,46588,35058,19891,4724,4724,34251,21914,19891,21306,61954,17669,23937,17669,33643,32228,19891,43349,57709,34251,16453,61954,36473,64585,35058,19891,16453,38496,4724,37081,50225,51640,22522,17669,45980,22522,17669,19084,22522,17669,45980,37689,19692,46588,46588,63369,38496,4724,13623,11600,4724,34251,60539,61954,9577,51640,17669,23937,17669,13015,51640,39911,19891,16453,8162,34251,35058,55078,39911,43349,38496,51640}},{38,37,32872,{60271,39410,17080,15611,22075,35591,39410,52338,10616,57921,54983,11792,1802,9147,21487,7090,21194,19725,6797,21487,21487,7090,11792,21194,40586,54983,11792,19725,10616,35591,54983,19725,57921,40586,13261,34122,19725,60271,9147,10616,11792,21194,40586,54983,11792,19725,10616,57921,54983,11792,1802,10616,21194,19725,6797,52338,10616,35591,34122,11792,57921,21194,24132,21194,40586,21487,21194,19725,6797,21487,21487,1214,1214,10616,9735}},{199,803,10264,{26193,54485,18188,19120,4508,54951,26193,51606,49742,32800,11115,62024,40805,11115,25261,25727,51606,63888,33266,18188,3576,51606,64354,11115,40339,62024,11115,25727,26193,25727,3576,51606,25261,33266,3576,47878,51606,12513,26193,10649,3576,51606,42203,25727,62024}},{177,222,37516,{3532,22270,23758,23138,50439,3656,22518,31825,3780,3532,59746,50687,22270,31825,50439,3656,23758,50935,59622,41008,22270,41256,22394,42868,41132,50439,13211,50687,41132,23758,22518,3532,3656,13211,22270,31825,50439,3656,23758,13211,4400,59746,50439,31701,59994,50439,31577,3656,51059,31825,41008,22270,4896,31701,50687,59746,41256,3656,22270,23138,50439,3656,22270,50687,31825,3656,41256,59746,60986,23758,50563,41256,50687,59994,41256}},{427,42,15541,{17700,62259,43561,61205,54042,56150,34661,50724,10537,50724,54042,50724,36398,39716,58941,54042,43561,57887,35871,56150,34661,28708,10537,47933,50724,35871,54042,15436,32553,36398,10537,14382,43561,25390,56150,34661,28708,10537,33080,43561,17700,50724,61732,13855,58941,10537,35871,54042,36398,10537,7219,43561,1637,28025,9854,39716,28708,7219,36398,39716,34661,7219,28708,10537,54042,36398}},{425,79,51568,{30746,24092,22965,31873,36165,10676,36165,34019,24092,17438,3003,15184,24092,51835,22965,30638,24092,22965,25219,51727,7295,11803,31873,15184,38527,22965,7295,37292,26130,40565,51835,9657,24092,3003,15184,30746,24092,22965,31873,30638}},{265,754,20255,{64890,51637,14592,6395,44983,12622,44983,21990,59035,51637,31358,52009,6767,9908,6395,13421,4425,29388,6767,32901,53180,49667,44983,29388,49667,44983,29388,49667,44983,9109,31730,48496,58236,14165,49295,53979,9908,12250,26674,51637,9908,6395,55150,6767,36414,26674,49295,8737,29016}},{407,653,31940,{60457,63212,57702,42290,29633,59938,63212,446,63212,60457,52791,48399,65448,48399,42290,13702,59938,32388,60457,29633,46762,25840,8711,63212,42290,36780,32388}},{433,21,6146,{60581,8887,23311,46157,2256,34121,55773,60581,27522,22714,10678,23311,22714,4676,23311,8887,46754,51562,8887,64792,22714,2853,43737,2853,64792,46157,41349,23311,59952,17874,4676,50965,8887,64792,51562,60581,8887,23311,46157,2256,56967,51562,46157,23311,8887,64792,2853,43737,2853,27522,51562,46157,23311,8887,64792,34121,50965,8887,64792}},{215,229,55824,{56621,8161,10634,32391,51925,26695,26695,65513,22749,37337,44506,56621,22749,24472,44506,49202,24472,12607,24472,5438,10634,13107,39810,56621,10634,44506,32391,5188,10634,32391,54398,41533,12357,63790,5438,41783,37337,51925,10634,32391,51925,12357,2715,26695,65513,44506,49202,5188,41783,37337,51925,10634,32391,51925,49202,56621}},{10,74,12849,{8944,63425,36929,41345,28046,29535,28046,42064,14079,63425,54593,62655,52385,6736,32513,10382,58239,1550,28046,40575,8174,11101,13309,11152,48688,62655,53104,15568,43553,6736,52385,39137,28046,29535,28046,11152,50177,52385,39137,15568,63425,52385,6736,43553}},{368,113,11214,{44557,44557,64440,61653,2004,44037,18282,61653,257,44037,34560,257,13339,257,36827,21887,53514,33631,18282,21887,44037,4271,49500,21887,4271,39503,37756,26012,60315,36827,34560,33631,7876,2004,16015,4271,26012,17873,44557,64440,44037,34560,49500,25083,2004,61653,2004,7876,257,13339}},{311,508,52894,{47105,45128,36670,45787,7342,50208,58007,23132,36670,45787,40240,62895,58007,42684,45128,37796,27361,27361,47105,48890,47105,39114,7342,50208,58007,23132,36670,45787,4706,12697,45128,27361,24917,12697,4706,37796,45128,58007,32249,47105,48890,47105,16459,36670,23791,7342,50208,58007,23132,36670}},{324,242,29834,{23015,40288,57561,17373,14955,13343,35911,49960,35911,61591,58367,14955,13343,40288,59979,14955,17373,57561,63662,63662,20250,59173,58367,61591,40288,59173,35911,59173,18179,59173,35911,49960,35911}},{427,597,40236,{30797,34430,56171,47415,17216,34430,65225,47713,5125,34430,47713,21147,57661,44676,2,47713,12391,47415,4529,17216,8460,47713,51942,44676,48905,58257,1492,51942,8460,51942,5125,8758,12689,60400,47713,62188,4827,62188,56767,9056,12689,43186,35622}},{458,547,48331,{33592,1590,20423,48278,24307,36687,33592,45972,30497,11927,36687,30497,11927,36687,30497,11927,42877,45972,58615,43403,9095,64016,48541,64016,33592,20686,35898,42088,26613,10875,26613,35898,1590,11927,24044,11927,61184,2116,26613,32803,39782,33592,1590,20423,48278,24307,36687,30497,11927,5474,39782,30497,11927,36687,30497,11927,36687}},{476,787,44882,{7676,55835,4549,36746,48054,36746,2022,44927,62289,33819,50981,42400,16857,59562,39673,8276,19584,50781,16857,62289,8276,2622,45327,62289,16857,5349,8276,33819,48254}},{213,72,31836,{25585,40220,25585,7052,30298,27534,39086,11446,39086,64281,65096,47378,44614,61198,25585,40220,25585,44614,64281,65096,9816,30298,27534,39086,11446,39086,64281,38271,19738,6733,61198,35507,30794,12261,19738,25585,40220,25585,7052,15344,30298}},{402,823,10739,{32525,63989,36985,63989,14502,38492,31982,43977,6967,45002,58986,63989,58986,53983,28004,16009,55008,16009,16973,14502,38492,9017,32525,63989,36985,63989,14502,38492,31982,43977,6967,9981,26497,63989,3471,50487,16973,40481}},{84,177,6733,{49344,49996,6750,22505,31886,22505,61586,49996,43223,13523,8959,18992,49344,21600,6750,33842,46736,42571,64194,56769,49996,13523,49344,49996,6750,8959,54813,49344,20296,6750,6351,35399,42571,5446,42571,8959,18992,49344,21600,6750,22505,31886,22505,27721,49344,34494,12871,49344,64846,18992,49344,21600,6750,6351,35399,42571,5446}},{495,786,32268,{19318,43664,4950,51114,31757,15726,1624,14063,36480,42001,36480,33420,58298,1624,14063,51114,45859,1624,15726,31757,34551,34551,43398,19318,58298,33420,51114,19318,36480,15726,44196,49451,63287,14063,1624,36480,42001,36480,1358,1624,22910,14063,51114,1624,33420,15726,43664,1624,15726,53043,31225,18786,35083,15726,44196,14063,63287,5216,14063,14063,58298,1624}},{464,455,48504,{46845,59836,39745,28529,12065,28606,4399,12631,49263,47488,50395,6740,56929,51038,12065,24413,22072,24413,29172,35063,56929,36272,29738,50395,47488,12065,17390,48620,7306,27963,24413,40954,29738,27963,24413,7306,27963,24413,40954,29738,59836,39745,28529,12065,28606,4399,12631,49263,47488,50395,38613,58704,38047,56929,49263,56929,58704,47488,24413,22072,24413,29172,35063}},{114,22,12193,{54173,157,10641,64657,52174,42668,61680,14639,24145,26144,57150,12640,49154,49154,26144,57150,37649,26144,57150,8642,1135,26633,40137,42668,48176,25166,56661,36671,52174,64657,56661,31163,4155,27165,15660,63679,38670,23167,52174,56172,43157,38670,13661,38670,63679,62658,57150,58660,57150,52174,64657,56661,26633,40137,42668,48176,25166,56661,36671,52174,64657,10152,42668,48176,36671}},{206,890,17605,{26474,34833,26474,63200,33188,63200,15614,62772,48622,4393,54052,61127,61983,17326,21472,3537,35689,17326,61983,26474,34833,26474,17326,21472,3537,15614,62772,48622,4393,54052,61127,61983,17326,21472,64056,48622,4393,61983,13969,35689,46121,35689,25257,47766,26474,34833}},{436,473,65504,{15823,50506,11968,8112,31241,8116,38944,19672,31235,15821,58214,50506,11968,38945,38944,19672,58214,15820,402,401,38944,15823,31238,15823,15822,38947,31241,8116,38944,19672,31235,15821,58214,50506,11968,11966,11965}},{73,694,61096,{56680,38497,35965,34277,57909,27910,57909,60900,57524,35965,34277,17782,59212,35965,38497,56680,42258,42258,20699,58368,57524,60900,17782,58368}},{455,250,40782,{12013,58057,13761,25515,36832,12013,51306,12013,33675,61214,4727,19638,63934,61214,28235,58057,24204,61214,58057,64371,259,41835,16044,33675,9730,10604,55337,61214,58057,55337,41835,15170,11576,62186,58057,13761,25515,36832,24204,9730,10604,55337,61214,58057,55337,36832,63934,43146,52180,34549,4727,12013,51306,12013,16044,24641,52180,46303,24204,61214,58057,64371,259,54026,59903,12013,12450,15170,11576,62186,58057,13761}},{476,528,25623,{58676,64138,44484,55766,61407,1527,12630,50304,9899,51401,41753,51401,12630,26643,58676,62683,9899,50304,24830,24830,20644,41932,54490,4258,61407,41932,51401,5713,14085,72,13906,1527,61407,46118,12630,51401,41753,51401,26464,50304,5713,9899,61407,50304,4258,12630,44484,50304,12630,22457,19368,59773,13906,1527,61407,46118}},{316,350,10369,{8379,47133,44062,48302,1940,2237,29440,335,12619,21396,19494,51670,8379,13788,25636,62785,64687,8379,19930,54008,19930,52839,50937,62785,51670,2673,13788,32511,8379,56643,63221,21832,52106,19930,32947,2673,29876,52106,19930,40991,52106,19930,21832,57079,40991,44062,48302,1940,2237,29440,335,12619,21396,19494,51670,8379,13788,17592,13352,2237,62785,48599,62785,13352,32511,19930,54008,19930,52839,50937,62785,51670}},{297,185,48418,{50157,42338,36400,2427,4852,63370,13487,5668,47732,31822,50157,5668,47732,13487,5668,47732,39641,50157,16184,37488,19153,62554,33703,12943,23731,44219,60129,18065,2427,42338,15912,60129,31278,46916,39097,44219,54735,33703,36400,49613}},{142,802,56963,{11672,21824,2967,59783,61475,8043,2967,21824,30529,59783,16748,37297,46492,16993,46492,65349,25943,51813,61475,9735,42618,46247,21824,2967,20132,30529,11917,49631,2967,21824,30529,59783,35605,46492,16993,46492,16748,33913,59783,35605,2967,58091,59783,30529,21824,25943,25943,51813,46002,33913,16748,2967,46002,46492,35605,63167,34158,59783,46492,16993,46492}},{303,776,22302,{30014,31386,3238,36921,52154,31386,53999,55844,37867,31386,55844,6928,32332,26797,7401,55844,40611,36921,56317,65069,40611,26797,494,4657,36495,36921,40611,30014,31386,37867,39239,59534,42456,55844,24952,18944,24952,41084,58162,59534,63224,41557,37867,31386,55844,6928,32332,7874,36022,24952,4184,45247,43402,36022,24952,39712,36022,24952,9719,41557,494,4657,36495,36921,40611,30014,31386,37867,3711,65069,3238,59534,36921}},{40,19,47298,{11729,55623,26467,45534,39285,45534,18298,46814,11729,62832,46174,60592,26467,26147,26787,16698,53383,2280,45534,53383,2280,45534,53383,2280,45534,53383,45854,59312,30156,4840,55943,61552,26467,60592,54023,40565,33356,4520,18938,12049,55623,33996,26467,62512,17658,55623,33676,55623,12049}},{428,315,29116,{23278,5264,39656,5264,41283,15089,47845,8545,59324,64214,57661,19997,41283,15089,41292,56025,41283,64214,5264,39656,5264,41283,15089,41292,8536,8545,59324,64214,57661,19997,41283,15089,51117,39647}},{464,637,19940,{33793,28943,21691,48366,36218,43516,58135,60537,58135,45987,48412,31460,63008,28943,33793,9566,21668,9589,55664,43516,33793,28943,2291,55641,19243}},{137,244,19881,{61344,65368,46385,42740,37958,42740,16322,17838,25128,35071,55570,24370,7895,54054,16322,17838,41603,57320,20725,45248,4250,8274,61344,57320,24749,4250,65368,25128,4250,7895,24370,42740,37958,42740}},{222,670,23083,{48590,55462,59768,57202,63617,36217,27605,57202,21647,36217,19081,63617,57202,27605,13949,57202,36217,40066,59768,19081,27605,13949,57202,36217,34934,42632,57202,34934,36217,21647,38783,27605,59768,21647,16515,63617,43458,43458,43458,48590,58854,15601,57202,33651,31911,59768,43458,49047,63617,33651,57202,27605,37043,27605,48590,48590,58854,15601,57202,33651,31911,59768,43458,34477,38783,63617,21647,36217,49047,63617,33651,57202,29345}},{476,393,55046,{22481,50691,38156,46619,1164,35335,44730,40658,44730,51010,19660,1164,12448,27485,11810,51010,48189,32195,22481,2096,10878,15269,19660,12448,22481,51010,44730,40658,44730,35335,1164,30944,50691,19660,15269,6806,12448,27485,27485,11810,56652,38156,46619,15269,56652,44730,51010,48189,42228,44730,40658,44730,32195,22481,35335,51010,15269,22481,46619,12448,2096,22481,12448,32514,39088,10559,23732,32195,3666}},{323,755,36532,{7142,30847,42921,37327,30847,10243,21874,17166,52945,24810,12736,61918,39542,8914,7142,30847,42921,37327,30847,61918,49401,7585,25253,54552,60589,16280,27025,16280,20102,38656,25253,13179,39542,42921,37327,48515,57653,33505,45579,16280,15394,21874,17166,52945,24810,12736,61918,39542,2434,49401,30847,37327,42921,24810,16280,27025,16280,24810,12736,56324,42921,17166,52945,17166,52945,48958,7142,43364,49401,48958}},{370,81,37780,{54006,31835,15179,38205,54006,64292,54006,14324,56819,35999,31835,45430,56819,37102,28774,61231,56819,28774,19343,20694,45678,29877,14324,38205,31835,40163,52655,3790,28774,45678,16530,14572,18736,31835,15179,38205,61231,39308,52655,65147,52655,40163,54006,64292,54006,56819,61231,47636,14572,18736,31835,15179,38205,61231,34041,16282}},{106,708,44321,{36739,25347,18696,24392,7304,12045,12045,7338,40559,7338,17775,9248,51030,35784,65219,38649,12079,62388,53827,43390,24392,12045,6349,43390,53827,7304,24392,25347,23437,7338,40559,7338,59557,12079}},{315,264,23038,{11202,41838,12752,45467,30769,2923,40598,46707,17001,52816,2303,1993,45467,26520,18241,26520,45467,30769,39668,1993,41838,41838,12752,9342,31079,9652,17001,9342,26520,17001,38738,38738,32629,45467,1993,26520,18241,26520,39668,1993,16381,45467,17001,1993,9652,2303,40598,1993,2303,1683,62645,19171,32009,2303}},{47,710,13738,{20145,50993,43467,43281,50993,50993,24032,31744,28167,39704,16692,24404,958,43343,43343,43467,50993,31744,1144,43405,4783,4721,35631,43591,16506,43591,27981,28043,4783,39456,35817,1144,31744,35631,27857,47416,51241,16568,43591,35817,55066,16568,43591,51241,16568,43591,28105,35817,39704,16692,24404,958,43343,43343,43467,50993,31744,1144,1020,24032,58705,4783,50993,4783,24032,31744,43591,16506,43591,27981,28043,4783,39456}},{228,827,6364,{22621,47248,46342,52612,40072,51428,45158,26801,35161,4264,20531,18441,26801,35161,2174,26801,35161,2174,28891,6807,29344,11718,9628,9628,55155,42162,46342}},{131,166,1540,{38763,49825,60419,48421,429,24425,23957,41954,5960,47953,42422,43826,41954,59951,41954,23957,8768,57228,14299,57228,43826,41954,59951,41954,23957,8768,38763,30424,23957,41954,53952,19362,19830,49825,9236,14767,26765,50761,57228,2769,62291,50761,57228,8768}},{459,55,398,{30915,2764,55938,23836,31409,62194,62194,19062,51658,55609,32232,7209,28775,49024,51658,41451,55115,41451,40134,1447,40134,55938,23836,31409,62194,62194,19062,51658,55609,32232,16428,22190,55609,51658,41451,55115,41451,55609,32232,16428,55938,23836,31409,62194,62194,19062,51658,55609,32232,7209,28775,49024,51658,51164}},{95,358,52156,{58429,9439,58429,41898,61444,13258,28181,13258,60640,58429,9439,58429,41898,61444,45315,42501,41898,58429,25769,43506,60439,44310,12856,12454,12655}},{321,381,40055,{51704,65366,2122,2122,60812,51704,64607,1363,63848,58535,35006,34247,35518,37795,37795,11989,49939,45385,62330,25651,38554,52975,49939,24892,41590}},{361,597,53494,{16748,43061,63997,27660,63997,42696,36431,26042,27295,48073,44314,44314,21395,24266,31784,46455,3853,48073,26772,43061,31784,24266,63997,27660,63997,25519,23013,46820,16383,26772}},{367,559,49069,{9718,41451,42136,58118,58118,17253,586,57660,25927,9718,586,39854,9718,1271,1271,51953,39854,45561,39854,11773,16795,24557,65422,9718,16795,25927,42136,22275,16795,42136,56975,39169,56063,43506,11773,28667,57660,49213,16795}},{406,332,19661,{63231,46505,3272,14426,49271,10237,38137,24197,24197,42316,13033,46495,60445,46505,21411,63231,46505,42316,38137,24197,22804,32565,20018,56246,8854,56246,28376,20008,22804,47898,13033,21411,63231,45112,40913,25580,486,56246,63221,14426,49271,10237,38137,24197,24197,42316,13033,29769,38137,46505,63231,21411,59052}},{323,130,16176,{44190,62154,44190,57342,56941,56941,17805,32962,33764,3450,3450,25424,12191,11790,13394,57342,12191,44190,11389,34967,55738,17805,32962,33764,44190,62154,44190,60550,33764,54936,32962,57342,33764,13394,34967,64159,33764,34967,32561,64961,242,15399,34967,10587,32962,17805,10988,32962,32962}},{128,710,21924,{21021,1443,20498,26502,9273,55216,14234,21804,47386,57305,53390,1443,58871,62526,34595,39816,21804,46863,24936,46863,36161,30940,34595,47386,6141,58871,1443,21804,46603,6924,32506,19715,46863,6141,58088,19715,46863,32506,19715,46863,25719,6141,26502,9273,55216,14234,21804,47386,57305,53390,1443,58871,3792,21021}},{186,722,53192,{23160,31105,55126,31105,26338,59893,56343,542,56343,46995,27741,31105,27927,42042,45220,59893,34283,19982,49987,10076,46809,56343,13254,42042,37275,46809,56343,43631,46809,56343,43631,16432,8301,41856,56715,34283,27927,29330,55126,59893,45220,29330,37461,35872,29516,32694,56715,26338,21571,59893,2317,61296,26338,61482,26338,56715,8487}},{41,559,20394,{31510,60216,31510,32265,23854,5069,23854,42639,41280,31812,33020,42639,23854,33171,60669,13631,4163,59763,3861,31963,41129,31510,13178,22495,41129,31510,13178,31963,22344,2955,40374,42639,4918,33171,4163,33322,61273,31812,51352,4918,14688,33322,31510,60216,31510,22193,3710,22193,2955,40374,42639,4918,33171,4163,33322,61273,31812}},{386,491,3222,{36197,42318,48561,11103,11347,26863,11347,48561,54987,36197,17651,23894,23589,39227,54804,61169,11103,48561,54987,14316,39227,51652,11103,54926,42318,61047,42318,23589,23772,11347,26863,11347,48561,54987,54926,17651,23894,23589,39227,54804,61169,11103,48561,54987,14316,39227,51652,11103,20559,14255,39166,39227,11347,26863,11347,36258,5043,17651,23894,23589,39227,54804,61169,11103,48561,54987,39288,64199,23589,39227,48561,11103,11347,26863}},{461,35,685,{39965,46852,50965,44652,52591,12035,9835,34513,18061,60243,60243,25426,65217,38626,13948,9835,65217,39965,12035,18061,34513,11748,39965,1322,39965,26000,3809,46852,16148,9835,3809,13948,18061,3235,3809,18061,55078,56417,44078,50678}},{316,635,40869,{13552,64524,62015,36529,48670,59607,36529,17265,45159,24590,11245,36529,59607,35325,2615,46363,64524,62015,36529,48670,59607,36529,2615,6227,46262,47466,11043,49874,56096,49975,56096,42650,12348,47466,35325,46363,48670,59607,37733,31814,7532,19673,56096}},{38,797,56867,{53816,58230,23395,53975,53604,58018,9941,49349,36372,44988,49296,53604,58018,44882,57965,5845,36319,5845,53604,58018,9941,14461,57965,44882}},{216,344,6874,{10720,10720,3657,47684,3352,49638,35512,47684,35064,31604,49638,18231,26495,31604,38667,35064,43328,35064,62563,61810,31604,38667,35512,61810,49638,63764,2904,61810,63764,59856,26047,49190,2151,49638,24541,3352,47684}},{122,892,13908,{36397,24822,433,60786,64503,59547,37636,18415,31229,56645,61813,29566,47548,41565,1672,22132,24822,41565,23583,37424,27300,24822,46733,31229,27088,29778,27088,56857,34946,24822,18415,31017,37424,433,31229,35158,14274,48999}},{101,726,3075,{41225,39563,41779,41225,39563,9157,41225,39563,8603,42333,42056,8049,36516,3617,18298,16082,45657,16913,18298,51197,41502,46211,17744,18298,16913,51197,16913,17744,50366,39563,10819,39563,14143,44549,16913,17467,42056,41502,50366,16359,18852,40671,41779,41225,39563,41779,41225}},{57,535,1962,{39430,51519,64877,39430,38161,44840,42135,47378,17957,57096,45007,23534,24970,57096,20996,58198,56929,51686,45007,18291,31649,27675,4933,50417,41033,8907,62339,27675,51686,41033,57096,34354,51686,27675,38328,41033,45007,37059,39430,40866,39430}},{353,607,9275,{56302,24421,37723,40252,57072,43219,50255,43989,14856,43219,26399,24421,15626,18374,50255,46737,48496,60039,44978,9579,61798,33435,64327,44978,29917,44978,60039,5842,63338,34205,63338,61798,24421,15626,40252,57072,43219,50255,43989,14856,43219,26399,24421,64327,18374,61798,58280,18374,43219,57291,14856,56521,16615,63338,34205}},{52,480,49317,{34163,46524,16598,58606,34814,58141,16412,28866,16877,40855,52100,4516,28308,34163,4516,28308,34163,4516,28308,34163,4516,46152,33977,39925,64647,28773,34535,58606,64647,58699,16412,58420,28773,5074,22918,40762,40762,28494,40669,5074,52472,64554,58606,28773,46710,28866,16877,64647,64647,34163,58234,34163,52193,33977,39925,64647,28773,34535,58606,64647,58699,16412,58420,28773,5074,22918,40762,40762,28494,40669,5074,52379}},{376,757,55073,{56879,29010,10184,60140,57619,6923,16336,6923,63031,64141,14555,10924,14555,31901,57989,42054,39903,64881,38053,44575,29380,25749,38053,13075,57989,60510,29010,63031,60140,31901,13075,14555,10924,14555,38053,53618,4032,48206,63031,29010,56879,60140,39903,39903,64881,16336,6923,44575,29010,16336,14555,38053,44575,10554,14555,10924,14555,38793,31901,38053,13075,29010,31901,44575,60140,57989,31901,60140,3662,11294,30120,1141,38793}},{172,125,48380,{16299,35010,52666,50965,63518,52666,18646,38003,8440,24395,36711,29907,39058,23749,16299,35010,52666,50965,63518,52666,39058,61817,13952,65219,4801,36711,50556,46508,50556,56714,344,65219,1399,23749,50965,63518,38412,53958,57360,55659,50556,27151,38003,8440,24395,36711,29907,39058,23749,5447,61817,52666,63518,50965,20756,50556,46508,50556,36711,29907}},{51,506,64246,{48459,13720,60484,38952,28109,28109,49641,14645,15570,11870,54934,14645,13052,60484,11870,48459,13720,60484,38952,48459,54934,62334,15570,17420,38952,13052,43834,13052,47534,37102,60484,38952,54934,37102,11870,34327,39209,37102,34327,39877,37359,35509,51234,47534,48459,13720,60484}},{135,95,32388,{12623,44724,29509,49561,41206,46219,12623,9633,48242,55102,21506,44548,31180,44724,36193,44548,12623,44724,29509,49561,41206,46219,12623,19659,48066,29509,64776,64776,36193,7610,34522,7962,64952,7962,19483,38040,36193,39535,19659,7610,32851,47890,14646,21330,17988,7962,24672,48242,55102,21506,44548,31180,44724,36193,44548,12623,44724,29509,49561,41206,46219,12623}},{500,883,12621,{54439,54683,61951,15929,7088,6844,15929,12295,40635,15929,50805,20892,50805,51049,33611,35428,5271,54439,54683,61951,15929,7088,6844,15929,12295,40635,15929,54439,44025,58317,5271}},{273,852,55491,{59281,55159,9033,49835,32550,19988,47222,49835,30440,19988,5819,64507,61894,11045,30440,12149,7929,5819,3709,59281,15768,30440,21595,48829,21595,49835,32550,19988,47222,49835,30440,55159,55159,9033,54558,61894,32550,5819,54558,21595,5819,32550,30440,47222,57171,59281,12652,30440,59281,35163,49835,21595,48829,21595,25717,52448,55159,9033,54558,61894}},{192,270,39634,{12751,4515,49813,64450,25105,21354,58049,12751,17236,37459,62167,58049,64450,9000,20987,8633,21354,37459,49813,16869,3781,12751,17236,37459,25472,20987,36725,17236,20987,53931,13118,31873,35991,39375,35257,35257,17236,4515}},{384,549,24833,{27861,51375,21811,23526,4004,51375,21811,51718,39275,35626,51718,4004,57082,57425,9368,21811,34597,57082,21811,27518,15418,11769,30605,54462,54462,63475,45325,39275,29919,9711,5719,29919,9368,29919,57425,3661,29919,21468,51718,57425,39275,15418,35626,57425,3661,57425,57082,57425,51718,51375,34597,57082,21811,27518,15418,11769,29919,45668,45325,30605,54462,54462,54462}},{298,813,9974,{59828,18094,48956,22272,48956,38130,2236,26023,20183,48956,38130,57739,49810,36041,26023,3471,59828,20183,46059,26023,53988,38130,51045,57739,41881,38130,59828,22272,26023,51472,38130,26023,28112,46059,19329,48956,43970,43116,48956,26023,20183,33952,26831,34760,34760,26023,20183,33952,26831,34760,26023,20183,33952,26831,34760,53988,26023,49810,30201,59828,36041,33952,49383,41881,38130}},{88,215,21410,{65456,30437,5670,45815,544,5670,59721,18358,43988,26174,54240,54240,6533,12014,24093,41298,11405,12014,55458,65456,18358,4452,6279,5670,41907,55458,63020,55458,53377,11405,12014,18358,5670}},{284,302,17777,{45681,12985,39360,6406,7180,7309,39360,44262,39747,6019,39231,7180,38844,6793,6406,39231,44262,38844,6406,6922,6922,39360,7051,41940,38973,6406,39102,39876,6406,5890,39231,43746,10921,45681,12985,12985,6793,6148,8470,39102,7051}},{478,18,17125,{31974,4591,24012,4591,31974,28125,8880,4591,51219,12729,20251,24276,1094,31974,23748,27597,27597,1094,59005,24276,4767,8880,31974,16226,1006,1094,59005,8880,4591,24012,4591,51219,12729,20251,24276,1094,31974,4591,16490,31974,4943,4591,62414,28037,62414,4591,28125,16578,4591,62414,1182,62414,23748,27597,27597,39672,28125,8792,16490,39672,4591,8880,16490,16578,58917,1094,8880}},{91,65,33771,{45382,64056,55335,26935,41135,14972,1550,20224,1550,55335,772,13740,23693,64056,60814,1550,7256,60814,49856,1550,60587,60587,23466,1550,9493,52093,1550,23466,51866,16755,2555,2555,7256,43145,39903,52093,64056,7256,14972,64056,49629,35656,9493,60814,14972,7256,55335,60814,64056,52093,40908,1550,19219,57572,64056,64056,60814,59582,60814,12735,9493,3787,60814,64056,57572,49629}},{55,151,60778,{59995,36345,29949,12695,1837,46236,6893,24147,60589,36345,46236,49731,497,13289,6893,55160,15223,12322,5926,48764,31510,36345,57094,24147,49731,54193,12322,12695,1837,46236,6893,24147,60589,36345,46236}},{261,74,41629,{38509,56329,46429,51379,44449,9799,46429,55339,42469,40489,57319,46429,52369,51379,53540,20689,58309,57319,48590,51560,39680,64249,24649,46429,63259,42469,39680,2869,39680,26629,9799,46429,50389,57500,53540,51379,42469,60289,47600,55520,53540,64430,60470,51560,39680,55520,51560,39680,55520,51560,39680,57319,38509,55339,44449,42469,57319,13759,42469,46429,44449,45439,57319,48590,708,48590,65420,21679,49399,38509,62269,47600,48590,17900,16910}},{273,518,41052,{9570,20396,1087,23869,15386,3430,16275,9570,39705,37362,40270,5773,20396,1652,2541,28879,14256,62811,9570,40270,14256,5773,5773,28879,20396,27101,48753,3430,43502,58125,60468,37927,48753,28879,20396,20396,9570,58125,5773,16275,5773,28879,26536,26536,3430,9570,57236,54328,28879,37362,1087,28879,31222,20396,24758,24758,23869,23869,15386,3430}},{423,197,58512,{29103,12669,9930,57755,19194,49538,37320,60494,12669,3190,20886,29103,60494,19194,451,15408,60494,46799,15408,451,13931,20886,34581,3190,30150,64280,54586,20456,20456,49538,29103,451,19194,7191,35628}},{397,833,65274,{50529,20023,50529,31960,9147,50529,31960,13126,16044,31960,17105,51855,924,51855,20023,7025,31960,51855,21084,36735,29838,24002,21084,21880,62731,31960,5168,54773,17105,24002,9147,924,35674,35674,50529,54773,43897,6760,37531,37531,37531,31960,58752,50529,20023,36735,33817,51855,17901,924,54508,22941,24002,29042,21084,7025,16044,50794,24002,5168,54508,35674,50529,21084,62731,24002,9147,50529}},{256,848,48837,{3111,28241,6131,64210,33256,31045,35467,42100,19990,2518,307,20206,64210,44311,900,3327,5538,5538,64210,44311,900,3327,5538,5538,3327,5538,5538,61999,42100,35467,20206,11955,59195,20206,44311,7533,46522,64210,20206,55366,44311,20206,55366,39889,7533,55366,35467,33256,2518,7533,3111,31045,55366,26623,64210,60597,31045,64210,46522,33256,307}},{126,639,54898,{11814,15342,496,41506,60725,60725,60725,58153,496,34561,7478,58153,11814,50289,35443,61644,38934,17951,53780,58153,11814,44152,11814,10087,19715,54662,35443,7478,19715,34561,61644,4832,19715,61644,43307,54625,38897,60762,61644,24088}},{344,775,42453,{7317,28256,15625,46224,6979,24609,53518,5627,39873,9274,9274,9274,63854,7317,6979,55208,28256,46224,24609,27580,23933,15625,55208,6979,57841,27918,57841,20286,15625,55208,6979,39873,9274,9274,9274,63854,7317,6979,55208,28256,46224,24609,27580,45886,63854,59869,6979,57841,27918,57841,41563,45548,63854,55208,18934,27580,20286,6979,33593,40549,53856,31903,57841,62502,5965,31903}},{400,113,38243,{24033,56916,32315,24033,36456,15996,63005,52530,62760,62760,62760,63495,16486,38894,22575,32560,4063,32805,11855,3818,14293,59354,43035,18434,36946,2115,6256,12345,49124,16241,36946,14293,12345,26716,57406,14293,36946,38894,12345,59354,30857,24033,54968,24033,46686,52530,62760,62760,62760,63495,16486,38894}},{70,775,37242,{12227,27264,60920,34523,40934,29998,33156,55452,52718,25473,34099,25473,55452,40934,29998,17271,57338,14113,14113,14113,35890,52718,59553,12227,27264,60920,34523,40934,45459,59553,29055,52718,2234,35890,49984,59553,25473,34099,25473,39567,17271,57338,14113,14113,14113,35890,52718,59553,12227,27264,60920,34523,40934,45459,59553,29055,52718,31365,33156,34523,33156,31789,60496,25473,34099}},{280,836,30642,{52950,62816,960,63682,31687,63481,63481,63481,25223,3094,21357,29089,29955,51218,60883,960,37687,21357,6960,3094,41553,52084,60883,25223,23290,62816,29089,21357,62816,3094,52950,48218,52950,55950,62816,36821,29089,960,37687,21357,6960,3094,41553,52084,60883,25223,23290,62816,29089,21357,62816}},{287,233,38701,{13892,32190,24348,17813,43760,13892,15392,54966,54966,54966,56080,13892,17813,28826,24348,5493,2879,32190,35361,17813,52159,13892,62058,28269,62058,48431,62058,62058,56131,62058,48431,62058,32190,32190,62058,54773,45067,28826,17813,15392,54966,54966,54966,56080,13892,17813,28826,24348,5493,2879,32190,62615,45067,27519,17813,54773,13892,62058,28269,62058,53466,31440,24348,56080,53466,13892,15392}},{250,302,60119,{14356,14356,45285,41901,45661,13980,14356,14356,40021,46037,54685,43781,40021,39645,444,58069,46789,41901,38893,46789,40021,52053,43781,37389,45285,5708,60325,5708,51301,57693,43781,42277,64461,444,41901,45285,38517,2700,65213,1196,5708,65213,1196,5708,65213,1196,5708,40021,46037,54685,43781,40021,39645,54685,46789,37765,41525,39269,39645}},{29,834,55610,{11446,62099,53518,47112,64036,11208,38650,42881,40825,53637,64036,2746,42881,40825,2746,42881,51462,23901,17495,40825,11446,26076,5159,24139,5159,43119,32601,32720,36951,40825,2746,45056,32720,32720,36951,11208,36832,57749,45056,45056,57868,42881,2746,11446,11327,64036,38650,47112,40825,57868}},{472,876,3139,{60942,42010,42010,12871,59460,18465,31636,21596,30321,47771,2664,57811,31636,12871,59460,59460,20114,47771,42010,44640,39046,60942,59460,47771,42010,30321,12871,59460,44640,63572,848,47437,47437,21596,12871,47771,9907,21596,24226,42010,20114,52217,42010,24226,49086,24226,42010,52217,14186,59460,27190,25875,20114}},{420,477,35614,{21189,61877,62164,63071,6528,51705,48410,48697,44208,13692,6528,18181,44208,8009,64552,44208,44208,38525,26252,36424,36424,42727,7722,64552,61877,17894,21189,61877,64552,25678,31648,64552,44208,44208,64552,58582,57388,28066,64552,57388,47216,61877,64552,61877,58582,48410,12211,17894,53186,7722,42727,57388,28066,48697}},{179,648,43602,{4334,38205,31264,8776,65135,6555,56529,31264,6555,10997,47089,56807,50144,31264,6555,33485,31264,38761,50144,31264,24601,6555,60693,5168,20993,20993,20993,31264,4334,54030,26822,6555,25157,8776,60693,47089,6555,62914,31264,54586,4334,38205,31264,8776,65135,6555,56529,31264,6555,10997,47089,56807,50144,31264,6555}},{187,101,693,{38857,63061,58239,49257,55308,55308,55308,64101,33846,64101,63061,64101,46988,45948,61170,63061,22784,39897,3591,17773,63061,22784,38857,63061,5671,47177,2740,47177,63061,9642,57010,22784,49257,55308,55308,55308,63061,38857,61170,33846,27984,60130,22784,38857,63061,47177,2740,47177,35075,35075,49257,55308,55308,55308,9642,22784,33846,28835,22784,9642,43017,64101,3591,63061,64290,58239,49257,55308,55308,55308,64101,16733,47177}},{225,410,21655,{50070,36518,34397,34279,38757,52309,43471,20727,56905,36518,7175,45592,32040,27798,52309,20727,45592,36518,27798,50070,36518,34397,34279,38757,52309,43471,20727,56905,36518,7175,45592,32040,5172,18724,27798,45592,36518,32040,57259}},{424,797,41146,{57104,57104,57104,48720,57104,57104,57104,38492,63644,60835,53709,62093,1225,6507,28557,38492,63644,35390,44696,62093,20173,11789,40043,62093,23275,6507,60835,11789,46876,6507,62093,48720,57104,57104,57104,57104,63644,53709,28557,60835,56811,25748,60835,53709,31659,30108,60835,38492,62093,60835,38492,45325,40043,38492,28557,20173,59284,52158,53709,28557,21724,20173,45325,40043,23275,6507,39414,61464,6507,11789,21095,6507,20173,23275}},{485,312,30456,{7806,59367,2077,50411,59367,28220,22491,51463,57192,57192,5631,2077,65096,10635,4906,4906,4906,4906,4906,65096,59367,52913,7806,16762,30722,13535,56865,43957,59367,22491,28220,50411,59367,61869,7806,51463,65096,56140,36451,57192,10635,4906,4906,4906,4906,7806,59367,2077,10635,4906,4906,4906,7806,59367,2077,10635,4906,4906,7806,59367,2077,10635,4906,7806,59367,2077}},{313,115,31438,{734,734,43911,43911,24168,13095,46512,511,5936,32838,35662,39997,52581,33928,56272,6803,59740,20254,5936,35662,59740,39997,39997,6803,52581,27636,55405,13095,19387}},{59,306,59896,{28364,21643,54619,55248,51043,43693,43693,43064,28364,22272,53361,50414,29622,43693,28364,22272,6943,51043,43693,53361,60711,29424,22074,22074,28993,51043,28364,13664,28993,60082}},{58,130,16874,{57153,62461,20793,57153,34461,32935,34461,57153,20793,54897,46172,38243,20428,62461,20793,57153,60205,44281,722,48063,24210,27262,16281,54532,722,65513,16281,56423,34461,16281,16281,18172,37878,46968,46968,26101,53371,34461,57153,62461,20793,57153,34461,31774,32935,34461,16281,16281,34461,57153,35191,62461}},{40,778,25274,{35380,56192,9225,9225,9225,6967,16826,42911,14498,6967,41130,62629,24357,46403,41130,27232,41130,55098,14498,61465,6967,5803,43458,52770,62629,35380,24357,23740,14498,42911,55098,62629,17990,5803,1147,55098,5803,53934,8131,15045,41130,55098,5803,46403,55098,5186,56192,9225}},{58,568,62938,{56244,56244,12335,36230,4091,12335,52160,23902,4091,55762,20300,44195,38031,48279,56244,56244,56244,56244,55762,10534,2569,53961,44195,23623,6171,44195,45996,30066,39832,44195,5892,10534,60125,55762,12335,39832,44195,5131,55762}},{26,129,39177,{10268,8915,57041,11718,46508,42352,2247,31625,53176,1088,58588,58588,58588,58588,42352,16936,42352,65062,42352,43705,894,47764,65062,10268,8915,57041,61100,65062,10268,31625,65062,11621,46508,17033,46508,16936,42352,894,1088,58588,58588,58588,58588,65062,31625,47764,16936,27760,4953,10268,31625,65062,46508,17033,46508,62550,62550,1088,58588,58588,58588,58588,49020}},{187,496,28452,{28906,42509,56515,28906,63115,63921,49512,35506,7897,9509,47421,51527,13615,13615,13615,13615,49512,1297,33818,14900,42509,63921,49512,35506,7897,50318,11600,8300,42509}},{267,678,7949,{9095,50432,38340,2336,35249,21187,50432,28218,2336,40310,28218,10216,33279,23157,35249,32430,21187,2064,28218,9095,50432,38340,33551,45643,2336,50432,28218,38340,63917,51825,51825,51825,50432}},{449,868,33538,{28007,4411,54131,25563,25563,32979,28007,4411,54131,25563,32979,28007,4411,22445,22445,54131,54131,25563,11237,32979,28007,4411,32979,11237,39510,16209,39805,2852,59398,22445,54131,54131,25563,11237,32979,2852,31420,11237,28007,27417,61547,31420,28007,41364,2852,16209,56575,28007,59398}},{397,629,41226,{45934,13218,60775,60775,46886,9917,21546,35257,16252,4623,57474,18423,39510,17293,16252,53221,9917,31093,17293,9917,22587,64850,27970,45934,13218,60775,60775,46886,9917,40551,57474,9917,46886,19464,16252,64850,17293,27970,45934}},{456,877,38485,{39074,18569,4920,58423,49936,39074,4920,58423,49936,39074,39074,36018,36018,31537,3970,58423,50411,21419,50411,21894,31537,50411,9401,53942,29431,62429,4920,9401,39074,17413,13407,29431,53942,17413,31537,50411,9401,53942,29431,62429,4920,9401,12457,58423,36493,25425,53942,17413,29906,4920,39074,17413,13407,29431,53942,17413,31537,50411,9401,53942,29431,62429,7976,15513,50411,9401,53942,29431,62429,57473,15513,50411}},{143,770,45077,{32474,15472,56014,21619,59283,54966,7495,32474,15472,56014,21619,62552,10764,6447,56014,59283,2787,39403,54575,40451,17302,37182,37182,32474,52745,54966,48819,37573,16911,7495,46598,7495,43329,8277,23449,37182,7495,46598,51306,46598,56014,15472,7495,46598,37182,16911,52745,8277,14033,32474,15472}},{496,371,63713,{4772,35793,61668,38366,55761,58334,28219,28219,64241,18543,4772,13397,64241,64386,29741,38366,13397,4772,35793,61668,33220,62574,13397,27168,61668,1293,37605,32314,28219,65292,40178,38366,18543,55616,61668,1293,8251,29741,13397,27168,46991,61668,33220,61668,37605,29741,38366,58189,61668,12636,40178,38366,18543,55616,61668,1293,37605,29741,38366,58189,61668}},{263,187,36503,{56619,29544,63797,18103,19311,49371,49371,62589,27128,32529,51787,34945,54772,27128,18103,39777,46955,18103,61381,27128,56619,38569,40346,18103}},{382,235,36103,{6106,12663,61767,25826,12663,55308,45399,61767,32285,12761,61767,2803,25728,12663,35735,16162,52201,35637,12663,22474,22474,12663,2803,42194,65070,6106,12761,61767,2803,25728,12663,35735,29129,25777,32285,35588,25826,45399,55210,65070,15917,6106,12761,61767,2803,25728,12663,35735,65168,22474,51956,25777,12761,61767,2803,25728,12663,35735,42194,25728,32285,35588,25826,45399,55210,65070,15917,6106,12761,61767,2803,25728,12663,35735}},{291,665,12222,{34499,43961,38257,15055,53616,4880,23804,62365,55755,61652,60939,52903,5593,6306,10584,14342,33266,4880,25230,40396,56468,52903,6306,4880,33266,25230,10584,14342,33266,4880,25230,40396,27369,61652,33266,14342,33266,63078,52903,14342,10584,14342,33266,4880,25230,40396,28795,63078,44154,33979,34692,61652,61652,33266,8445,4880,23804,62365,10584,14342,33266,4880,25230,34499,60226,34499,34499}},{192,506,24967,{6884,47894,14896,53077,6884,16300,34224,47894,50723,31395,55906,31395,14896,53077,50723,31395,47894,34224,36103,47894,47894,6884,28566,47894,26212,34224,37053,16300,19604,16300,15371,42711,43165,6884,47894,14896,53077,6884,16300}},{376,541,64359,{27892,56931,5563,20449,65389,51969,22930,8044,17968,36350,54450,61893,15487,61893,15487,10525,27892,26426,37816,61442,27441,2349,59412,22930,54450,10525,27892,53717,61893,5563,20449,56931,10525,42045,10525,26426,61893,59412,30373,10525,38098,61442}},{234,733,26917,{40476,9944,12792,15455,38183,46172,55585,37998,32857,12792,10129,46172,31248,17748,40476,62150,26107,12792,20781,48835,48835,18118,46172,55585,64813,6042,58248,46172,12792,37998,32857,12792,10129,46172,17748,24868,17748,17748,18118,15455,26107,6042,18118,41900,46172,38183,32857,20781,32857,50259,62150,46172,46172,38183,37998,55585,46172,32857,60911,46172,32857,6042,32857,6042,48835,18118,46172,56639,4803,24868,31248}},{243,219,23634,{9278,8377,59055,59055,33716,20736,26605,20115,17631,61819,46696,61819,60918,16389,21016,21016,40206,20736,33095,46075,40206,9278,13625,47317,27226,33095,53807,59676,20736,27226,9278,59676,60297,64924,1266,46075,33095,46696,20115,26605,31232,27226,53807,59676,53807,21357,22879,59676,27226,60297,53807,16389,21016,27506,1266,20115,53807,47317,1266,27226}},{479,511,5500,{55481,21970,52884,18277,37564,24293,5006,5006,64237,52884,56577,55481,21970,52884,18277,37564,32775,59996,18277,36742,13214,28534,6102,6650,56577,10343,14310,28534,32501,24293,5006,5006,64237,52884,56577,55481,37564,64511,64237,37290,60544,10343,56577,25389,64237,33597,10343,18277,14036,21970,52884,18277,37564,63415,25389,64237}},{233,45,52089,{48164,46525,44886,3311,60437,60437,12945,56559,38130,56959,14584,56559,33013,41408,13145,8028,33013,31574,46525,33013,29735,46525,56559,38130,12945,56559,41408,58398,54920,58598,1072,64954,24618,31374,33013,7828,12945,29735,46525,1472,3311,46525,56559,38130,3311,3311,39769,64954,29735,12945,39769,56959,54920,49803,56559,29735,41408}},{239,707,49922,{10975,21060,8459,8396,63895,41209,5943,43704,41209,5943,26092,23555,41209,58863,18544,5943,43683,26092,8459,18544,56284,58779,46178,38693,21060,58863,8396,16007}},{360,581,44098,{32651,59027,26999,61382,63737,26999,61382,64679,57614,61382,100,571,30767,59498,63737,1042,39245,45368,59498,1042,43955,59498,571,58556,59498,63737,59027,57614,63737,1042,571,30767,31238,31238,26999,59027,64208,16637,16166,16166,61382,59969,26999,59027,39245,46310,571,42542,30767,27941,43013,57614,571,59498,49607,57614,100,1042,27941,31238,26999,1042,60911,59498,63737,16637,16166,16166,16166,100,59498,1042,1513}},{48,605,63019,{13220,14058,30399,12801,13220,45352,48704,35008,2457,2457,48704,14058,16153,35008,2457,48704,14058,16153,35008,2457,13220,48704,12801,45352,13220,14058,30399,15734,49542,14477,45771,48704}},{443,394,14209,{56428,7572,62501,16029,56428,56428,13894,54044,24486,41400,13894,1416,64636,3302,62501,24486,11759,39265,54044,62501,1416,24486,13894,7572,41400,28673,16112,62501,11759}},{480,749,48144,{60462,47578,59591,41021,60462,18967,10668,28137,15253,18967,35335,11539,6954,47578,63946,28778,167,60462,40150,3010,6954,35565,47578,3010,11539,6954,47578,3010,47578,31851,11539,6954,3010,55877,11539,47578,10668,55877,6954,3010,11539,6954,48449,28778,167,40150,35565,55877,3010,36436,18737,39279,3010,60462,6954,3010,60462,64176,28137,60462,55877,18967,35335}},{284,857,40410,{14053,32717,1479,19522,39201,14053,1479,54820,14053,50366,46306,14053,32717,62940,13038,32717,1479,50366,47715,64349,64349,45685,62940,49351,7342,56229,56229,15068,30687,45685,34747,16477,24597,13038,16083,14053,3903,3903,13432,42246,464,13038,51381,32717,55835,15068,47321,63955,64970,15068,47321,63955,1479,13432,45685,49351,33732,45685,34747,16477,24597,13038}},{202,562,40688,{21125,26832,55367,55367,917,56053,27175,62446,63132,44982,43610,56739,62789,62789,20782,3318,62446,9368,2975,917,18724,57082,32882,26832,44982,18038,59702,59702,59702,39275,49317,25803,26832,33225,57082,9368,3318,45325,13017,36874,18038,59702,59702,26832,44982,2975,18038,59702,26832,44982,2975,18038,26832,44982,2975,18038,18038,62789,3318,44639,62446,62789,18724,50689,15418,44982}},{28,539,14749,{51862,10521,14146,41951,48237,14377,64434,45576,45576,43879,48237,10521,14146,10521,44612,2538,14146,16807,4235,64434,60809,16807,29610,39290,48237,10521,23324,21627,27913,14146,33004,14377,48237,41951}},{308,600,4960,{20440,44799,32210,21510,54680,22580,40770,38630,30070,36490,37560,5209,26860,20440,32210,20440,15090,36239,36490,26860,20440,35169,44799,25790,22580,44799,26860,25790,20440,44799,33280,40770,21510,8419,40770,21510,36490,58960,40770,22580,20440,21510,36239,36490,26860,20440,35169,44799,20440,33280,36490,26860}},{490,326,10235,{43522,58137,34246,26532,43490,58137,55826,43522,34246,55826,17288,63572,63572,46614,36557,51204,43522,55826,7263,26532,43522,34246,55826,26532,25783,32716,36557,55826,17288,32716,36557}},{316,567,11988,{11351,56010,35148,9050,23408,2546,5481,41335,48156,42286,2863,53075,38400,38083,29278,35782,2546,44270,23408,5481,2546,44270,23408,35148,42286,27294,18489,35148,23408,20473,29278,18806,39668,39668,5481,8416,62197,38400,5481,18489,23408,5481,3180,14920,29278}},{90,784,12725,{38481,54412,13807,24347,45669,12010,53099,24347,12010,36684,23034,58490,8658,10213,43872,59803,58006,10213,43872,59803,54412,58490,38965,3751,53341,53341,59803,58006,53099,38723,13807,8416,12010,29980,58490,52857,56209,13807,36684,24347,8658,10213,43872,59803,58006,10213,43872,59803,54412,58490,3751,53341,53341,59803,58006,53099,42317,10213,58006}},{198,774,56514,{17853,15918,5210,17853,5210,58088,41204,15918,5210,17853,5210,58088,61507,38898,43139,58088,5210,35479,18224,20901,63813,64184,43881,31238,31238,3646,8629,3646,8629,16289,59572,41946,41946,12870,17853,38898,30867,45445,27819,17853,30496,53105,25513,15918,5210,17853,5210,58088,41204,15918,5210,17853,5210,58088,61507}},{441,791,54760,{65487,10189,35780,13002,19657,11218,15060,64458,19931,52177,9434,9434,6621,58832,6621,58832,49364,54235,24802,24802,3534,55745,65487,51148,32967,55745,55745,4563,35780,59587,49090,65213,42435,59587,35780,46277,49090,52932,45248,48335,58832,65487,9434,54235,24802,24802,3534,55745,65487,53961,58558,29125,55745,32967,49090,46277,4563,35780,59587,49090,65213,42435,59587,35780,46277,49090,52932,45248,48335,58832,54235,24802,24802,3534,55745}},{344,456,31130,{65061,15433,55055,26323,18487,28935,52443,52443,25881,52443,28935,13263,28051,30663,30663,44607,34159,65061,41774,62891,18487,52443,28935,13263,25881,52443,28935,13263,28051,30663}},{492,751,47216,{34235,60200,31350,33784,33784,30899,54430,63085,28465,22695,54430,31733,11989,449,49877,34235,60200,11989,41222,10321,45775,60200,31350,10321,45775,6219,9104,11989,1666,42890,45775,54430}},{178,296,5682,{17821,41564,45796,3649,59968,45796,41933,40826,51504,56843,47641,9357,13220,40826,41195,8988,13220,17452,64200,47641,19297,64200,17452,22053,41195,14696,10833,52980,3649,64569,893,64200,36225,893,13220,54998,17821,893,54998,12851,64200,893,64200,36225,18928,37332,3649,54998,17821}},{411,39,27913,{18915,15840,61850,52402,42954,47259,25288,15840,53017,63080,40271,31438,27133,15225,25903,14610,34121,56707,15840,53017,53017,16455,24673,25903,61850,63080,31438,30823,50334,42954,25288,53632,34121,61627,5554,5554,53017,24673,7007,25903,53017,50334,16455,16455,38426,56092,34121,52402,42954,25903,34121,7007,53632,49104,34121,53632,14610,40271,31438,56707,15840,53017}},{468,184,41527,{27808,4433,2060,34856,41833,9108,39602,16085,53556,51396,34998,60817,25719,25719,4433,4433,13925,23204,34856,62906,44206,16227,51396,2131,37158,34856,20760,32483,60675,53556,27808,27808,4433,2060,34856,41833,9108}},{28,46,34488,{12734,61339,49714,49714,36003,36003,21192,58191,51857,52919,5357,64525,15920,14858,51857,32836,2171,21192,44461,5357,18044,16963,44442,63463,56067,2171,44442,63463,44442,63463,25421,44442,28588,61339,49714,49714,36003,36003,21192,58191,48690,60315,59253,37065,11691,16982,16982,37065}},{54,124,20233,{59338,45818,8030,7337,59338,17460,45818,6644,3940,60724,21550,51226,59338,43114,26958,63428,45193,60724,45193,63428,47897,53998,33059,33059,62042,62042,21550,26265,9348,43114,41103,19471,24879,57327,51226,30980,6644,27583,8030,45818,3940,1236,59338,53998,33059,33059,62042,62042,21550,26265,38399,6644,3940,51226,59338,59338,8030,45818,27583,53998,33059,33059}},{420,828,9647,{13671,13671,44343,9168,24341,39514,47182,16673,18174,15335,18174,60854,35337,35337,46007,46007,38013,6003,3001,24341,38013,62681,18174,38013,15335,18337,16673}},{472,269,32057,{17655,58821,62919,8388,14209,31020,60125,8388,31020,51277,9692,24780,51929,31020,26922,58821,50206,62919,38564,31020,57098,24780,50858,19611,43966,43966,58821,57098,60125,1496,62919,32743,31020,22405,24780,24128,8388,58821,64642,58821,2567,1496,62919,32743,31020,24780,19611,43966,43966,58821,57098,60125,10763,64642,43733,31020,22405,27574,48483,64642,32743,28226,60125}},{102,731,20203,{9212,26566,57379,42266,24912,27273,12280,27273,24912,27273,12280,54898,56432,43800,43800,19483,49469,52537,43093,41559,1302,36837,51830,59740,21844,32115,9212,13934,8385,59740,41559,9212,6851,34476,41559,59740,26566,9212,1302,17122,45454,24912,56432,43800,43800,19483,49469,52537,8385,26566,4490,19483,45454,26566,9212,19483,52537,63635,41559,62101,26566,56432}},{274,371,43655,{35147,35147,22379,25783,52164,35995,61522,20677,22379,10468,57267,25783,57267,23230,17276,13021,10468,57267,25783,57267,23230,17276,52164,28336,23230,57267,58118,36846,8766,43654,54717,50462,16425,16425,53015,51313,53015,51313,21531,1961,35147,35147,22379,25783,52164,35995,61522,20677,22379,3660,62373,63224,25783,61522,29187,13021,22379,23230,54714,61522,1961,35147,35147,22379,25783,52164,41952,57267,24932,22379,13021,9617}},{62,167,57348,{50295,36426,33556,27335,35945,1513,50295,19687,27335,56989,1513,36426,51730,62729,30686,56989,29251,50295,2948,34510,1513,16817,13947,14420,63202,63202,19687,16817,27335,6772,29251,51730,30686,50295,19687,16336,45990,45990,14420,63202,30686,50295,13947,14420,30686,50295,13947,14420,14420,16817,1513,62729,29251,16817,55073,47425,36426,50295,62729,19687,32121,1513,50295,55073,2948,30686,50295,13947,38815,1513,19687,32121,47425,32121,62729}},{216,887,47957,{55441,7300,48965,44108,12157,3301,7300,48965,7300,13776,52203,63,7300,52203,4062,7300,63,52203,12157,7300,38061,55441,45727,52203,35252,27586,61156,48965,18633,9777,12157,44108,7300,9777,7300,8919,55441,53822,47346,52203,8919,4491,12157,9777,7300,17014,52203,12157,9777,8919,52203,7300,39251,8919,12157,9777,52203,12157,20252,27586,61156,27586}},{428,591,26510,{32756,45791,35146,5166,53438,19852,41142,15507,61085,38144,53438,5166,61085,19852,6209,5166,59434,48789,61085,38144,38448,56436,1560,24501,9207,49093,19852,41142,45791,41142,45791,53438,59434,39795,53438,19852}},{245,791,29772,{16392,29152,22772,22191,738,44806,20459,16392,16973,738,49443,10604,48873,48873,60460,11174,11755,22772,60460,20459,49443,11174,32627,20459,24515,20459,11174,54661,8861,11755,60460,11174,11755,33208,41912,3643,10604,48873,48873,60460,11174,11755,22772,60460,20459,60460,22772,54661,16392,61622,44225,22191,738,20459,24515,20459,49443,11174,16392,44225,27990,44225,11755,22772,16392,44225,11174,49443,56985}},{327,827,25769,{64981,64981,56392,33488,64981,22364,62118,10912,7721,36351,62118,13775,36023,24899,59255,36351,13447,35367,64981,8049,35367,15654,37902,35039,35039,47803,39214,35367,62118}},{285,252,44212,{17673,45131,57750,20468,57750,56517,2382,31402,18454,39664,29840,43569,16111,57750,22811,57750,34197,47145,57750,18454,42788,16111,30621,15001,27949,27949,27949,44350,16111,18454,5506,44350,30621,57750,15001,27949,27949,16111,30621,29059,15001,27949,27949,30621,17673,18454,29840,3163,29840,42007,2382,18454,29840,17673,30621,63217,17673,17673,56517,29059,17673,45131,30621,31402,14549,16111,30621,18454,51831}},{376,846,19222,{7374,33866,38045,42224,16758,58940,16758,57914,16441,12262,11870,53343,38045,57914,13997,11870,11870,53343,5639,7374,47112,51291,25825,47112,40489,7374,12262,57914,12579,62093,29687,57914,55470,5639,3195,16441,57914,12579,36627,11870,53343,53343,62093,16441,23064,16758,24799,58940,32448,43250,4221,16758,13997,16441,11870,53343,53343,53343,3195,62093,16758,57914,16441,5639,16758,5639,23064,7374,55470,51291,38045,23064,33157,57914}},{19,334,61985,{33780,46899,54385,23496,50642,33780,4466,23496,46899,35355,4466,50642,33780,23496,50642,35040,25664,37208,37208,37208,8209,39098,46584,4151,8209,33780,39098,19753,26609,27554,46584,4151,8209,8209,6949,11952,35355,50642,46584,46899,42841,39098,50642,6949,60926,25664,37208,37208,37208,37208,408,4151}},{64,637,24911,{33536,58999,23870,7063,58999,19446,1629,58999,42192,62221,13507,16224,58999,32021,34738,1629,19446,38970,42192,19446,58999,42192,7063,8073,13507,34738,20648,23870,1629,58999,19446,52555,10790}},{260,613,52334,{54219,55327,55486,30797,46781,55327,59600,40292,37127,9114,18768,49946,4841,49946,25257,60708,18768,49946,9114,59600,30797,50105,58492,63083,48048,48048,48048,48048,48048,61816,49946,18768,29530,55327,43616,18768,49946,18768,29530,55327,50105,63083}},{99,144,53720,{40552,40552,40552,40552,40552,55243,8777,57053,64132,14046,64132,8777,57053,64132,60512,22402,40552,40552,40552,40552,40552,18038,45982,34911,15856,64132,1698,23840,41990,14046,46354,22402,40552,40552,40552,40552,31824,49441,22402,40552,40552,40552,8777,41990,26927,49441,22402,40552,40552,40552,1698,56148,16228,23840,30919,16228,64132,19848,8777,41990,16228,34911,8777,64132,45982,34911,41990,16228,8777,41990,26927}},{66,845,481,{27039,7696,7696,7696,46246,6334,26903,3201,2656,38754,6334,30036,46246,17640,41342,2656,14507,7015,36983,27039,7696,7696,18185,61230,64363,27039,7696,18185,61230,64363,36983,27039,18185,61230,64363,27039,27039,22544,15052,45020,6334,22544,59459,37528,68,61230,45020,46246,30036,15052,61230,59459,7560,18185,56871,30036,26903,46246,18185,7560,54419,61230,46246,30036,46246,11919,17640,18185,61230,46246,29491}},{266,87,677,{37140,57948,30946,64142,1718,3944,42850,53012,32204,64142,1718,52141,37140,57948,30946,52141,64142,10138,20300,54851,28720,4815,40237,46431,25623,35785,37140,30946,64142,30946,3944,22042,46431,37140,30946,42850,52141}},{129,250,15300,{36354,41737,47484,56400,36354,1645,47484,1645,41737,54914,14822,51017,40251,41737,22616,56400,47484,1645,45634,40251,56400,47484,41737,40251,1645,47120,41737,56400,47484,40251,56400,60297,29849,49895,25588,20205,47484,40251,56400,1645,25588,1645,32457,7953,40251,40251,56400,44148,40251,56400,1645,4056,47484,1645,45634,40251,56400,29849,49895,49895,54914,60297,60297,26513,56400,1645}},{231,751,58270,{58279,29020,9764,13514,58279,19767,38273,49776,20517,19767,46523,21267,39023,29020,55776,31017,21764,21764,10514,21267,29020,38273,10514,39023,31017,21764,21267,39023,12014,31017,31017}},{240,420,1371,{15151,26812,40050,58545,50325,20408,58545,22702,40050,62655,20647,14243,12427,60600,20647,42105,26812,48270,54435,20647,14243,48031,48939,15151,15151,26812,40050,58545,50325,20408,62655,40050,48270,26812,14243,22463,20408,22463,30683,48031,48939,15151,15151,48270,12427,6023,20647,54435,26812,6023,48270,58545,59453,24757,40050,42105,50325,44160,10372,11280,20647,26812}},{311,747,48752,{2542,29256,5660,47206,34523,44467,29256,55591,45647,52852,12486,45647,44467,52852,29256,45647,29256,12486,983,17753,19312,34523,12486,46616,44467,45647,29256,59678,34523,44467,45647,12486,34523,29256,37641,12486,44467,45647,34523,44467,26138,57740,49355,49355,2542,42908,45647,44467,52852,29256,45647,59678,983,20871,3132,983}},{280,671,41596,{62490,38708,3035,22553,42071,17388,62490,38048,38708,25916,17388,58467,5738,17388,34444,38708,25916,5738,42071,38708,17388,37807,42071,25916,5738,38708,25916,18289,15167,15167,60269,60269,38708,25916,17388,54863,17388,53962,64292,38708,38708,25916,31081,38708,25916,17388,6398,8200,17388,42071,37807,38708,15167,60269,60269,22553,18289,18289,40510,25916,17388,54863,17388}},{227,891,42389,{56718,43952,43394,18961,53387,36732,29512,18961,38406,40063,63938,36174,55619,46184,46184,28971,28971,43394,57276,31744,63938,15630,36174,43394,57276,56718,31744,36174,26181,40063,63938,46184,28971,28971,28971,18961,40063,63938,22850,37290,15630,36174,43394,57276,43394,5637,36732,36174,43394,15630,63938,38406,649,13415,63938,36174,43394,36174}},{439,334,27768,{32494,32704,20840,31805,48702,31805,25184,48702,31805,61255,3254,39325,6909,31805,28839,48702,13530,53945,18563,58289,31805,13530,13530,39325,32704,8976,18563,12631,32704,12631,35460,18563,25873,28839,31805,61255,3254,39325,6909,32704,31805,28839,48702,13530,53945,18563,58289,31805,29738,25394,54844,54844,31805,28839,61255,25394,54844,31805,28839,61255}},{128,124,58623,{49112,19657,49055,19562,52332,19657,19657,26116,16285,55609,62163,26116,13084,45778,62144,19562,55609,65421,35947,16285,19562,13084,16285,19562,22877,19562,65421,35947,65421,49036,35985,52332,52332,49055,52332,52389,35947,19562,3177,65421,49112,19657,22934}},{241,597,33157,{2391,14702,61715,3713,43290,44612,61715,44612,30979,13380,27013,16024,40646,30979,21725,3713,61715,43290,30979,61715,3713,43290,44612,61715,2391,5035,23047,30979,13380,27013,16024,40646,1069,19081,3713,44612,2391,44612,45934,50726,2391,3713,5035,44612,24782,61715,44612,28335,40646,3713,61715,30979,40646,44612,18668,30979,3713}},{28,741,40949,{44913,9590,44865,34791,9646,34847,9582,9590,24709,39828,49902,24701,9590,9582,29770,44865,24701,39828,24701,29738,39868,39828,44865,49902,24701,4585,24701,9582,65021,9590,14667,9646}},{38,561,9742,{17713,49922,65095,5089,5089,13644,2540,46956,10678,13644,11021,35852,45853,49922,46956,27714,24748,2540,49922,11021,2540,49922,26954,49922,27714,24748,27714,52888,677,17713}},{203,863,64258,{20590,43416,57786,40459,32003,17633,19345,40459,32003,23547,34960,30758,4560,58668,40459,6220,59083,32003,43416,34960,59083,40459,23547,62870,12134,14676}},{91,608,8346,{41079,47752,26367,33723,65196,25684,47069,62464,47069,10289,16436,62464,25684,54425,47069,9080,9763,47069,4299,26367,25684,9763,61781,26367,47069,39713,61781,25684,9763,26367,25684,33723,40553,47909,62464,19011,9763,26367,25684,47069,62464,47069,10289,27733,26367,26367,25684,34406,62464,25684,54425,47069,19694,9763}},{431,243,13146,{12039,39940,30535,58750,7334,4199,4199,30535,58750,12039,43075,12039,27714,39626,30535,30535,58750,64706,43075,58750,8904,12039,5455,36177,58750,43075,52480,7334,4199,4199,8904,30535,58750,27400,23951,61885,12039,43075,33670,43075,24265,17995,12039,43075,61885,58750,35863,17053,61257,58750,12039,43075,12039,27714,10783,2006,61885,58750,30535,13918,17053,48403}},{26,326,37831,{123,64733,63822,11223,23977,44355,27789,51811,13956,23977,23977,65476,39632,52722,27789,63822,39632,26878,38889,13956,1034,39632,36899,39632,1034,123,63822,27789,25056,25056,13956,27789,50900,13956,1034,52554,65476,63654,39632,123,64733,63822,11223,23977,44355,27789,51811,13956,24888,17432,4510,13956,64733,1034,17432,13956,64733,1034,17432,17432,38889,11966,49989,12134,50900,25967,63822,25056}},{50,714,2776,{36422,54124,6305,43668,41827,6305,64698,54124,6305,20443,62975,36422,20443,8028,15274,62975,62975,6305,62975,18838,32976,29294,20443,20443,6305,54124,8028,56083,29294,20443,50678,20443,8028,41709,8028,52283}},{79,459,5332,{57539,33368,33368,6469,33368,47905,47905,30001,14739,9283,46455,65084,49908,41638,23009,38185,48544,60267,6469,44452,42363,6469,23009,60267,6469,26462,33368,48544,26462,61631,58903,6469,53361,65084,7833,29915,26462,18192,49269,3741,65084,26462,26462,6469,60267,61631,9283,65084,26462,15464,26462,61631,29915,61631,58178,58903,6469}},{47,642,44400,{24793,5665,4238,63049,15229,16656,19935,19935,54335,54335,34357,5665,54912,8519,34357,40490,26220,13802,15229,54912,23366,63049,5665,15229,40490,42494,35784,26220,42494,35784,32930,7092,14227,15229,23366,63049,23366,41067,1809,42494,8519,54912,43921,63049,15229,16656,29499,19935,54335,63899,63049,26220}},{473,209,9983,{48457,62463,27809,60855,29988,37562,64642,27809,11053,24022,48457,62463,51102,64642,24022,60389,43062,43062,16448,41349,27809,48457,26201,59818,47315,48457,2908,24022,48457,2908,58676,60855,2908,27809,45136,56031,48923,41349,27809,37562,45136,58676,60855,29988,64642,40312,3479,64642,62463,17019,64642,45136,29988,64642,24022,47315,60855,24022,62463}},{143,104,64029,{6774,30532,28468,28468,47044,37734,15030,26931,28995,28995,28995,27414,33606,47044,27414,6774,5237,8838,43926,39798,23286,35670,37734,36197,17094}},{171,639,11825,{22861,9513,22861,64667,55724,33228,50981,28147,22861,14256,28485,51319,1451,6194,6194,6194,6194,32347,28485,18999,9513,27604,22861,28485,32347,49219,51319,22861,9513,22861,64667,55724,33228,36752,23742,47457,60805,27604,28485,50981,1451,6194}},{131,204,9854,{52480,52480,32333,6860,13323,5969,52480,52480,32333,6860,13323,5969,52480,32333,6860,13323,5969,32333,6860,13323,5969,5969,34361,25870,59834,21814,34361,31063,51343,8888,6860,59834,55399,42852,25870,6860,31063,8888,44880,13323,21814,55399,32333,36768,17379,21814,59834,15351,32333,17379,55778,24221,52101,36389,55399,21814,55399,32333,5590,5969,52480,55399,17379}},{398,269,47618,{19158,42533,4991,387,54043,5346,7293,12962,57055,12962,32970,11897,19158,11897,387,17921,38994,49439,51741,42533,19158,49439,12962,30668,42888,57055,11897,54043,19158,42533,4991,387,54043,5346,7293,12962,19158,7293,21460,12962,9950,40586,47137,28366,26774,45545,7293,387,14199,40941,47847,22170,1097,47847,10305,22170}},{237,859,51235,{13010,15771,60080,34222,24054,18665,214,24054,3851,64726,55567,52806,44390,47151,2975,58328,13143,18532,13010,15771,60080,15771,13010,15771,60080,34222,6479,56310,37116,18665,26948,61089,37116,24054,26948,46275,20417,31594,214,61089,26948,21426,58328,214,40753,2975,24054,61089,2975,42638,24054,2975,47151,17656,24054,18665,214,24054,2975,47151,40753,8497,8497,6479,6479,56310}},{275,375,16603,{47414,60871,22485,33148,59474,47414,39178,59474,6601,39178,33148,47414,53444,12043,55650,18661,8219,48223,59474,59474,21088,40575,21088,62489,24103,24691,21088,59474,48223,6601,30721,24691,36751,45796,18661,28515,21088,42193,18073,24691,28515,47414,36163,6013,21088,65504,5204,39178,54253,15058,59474,24691,64695,42193,47414,33148,39178,18661,28515,21088,42193,18073,24691,28515,47414,36163,6013,21088}},{455,327,63285,{13055,56218,40541,33186,51090,23604,60672,40541,57478,43735,15956,10828,8894,60672,12762,53991,25831,24571,57478,46929,40541,60672,40541,57478,43735,25538,5700,31926,53317,12762,49830,24571,16249,61639,63866,64540,12762,45376,31633,61639,49830,42475,33186,51090,61639,60672,51090,64540,60672,33186,61639,23604,2506,28732,53991,14022,36380,51090,51090,43735,59412,43735,64833,57478,15956,43735,51090,36380,64540,43442,15956}},{58,256,34638,{285,31763,36893,2850,1838,58966,12953,12098,8678,10388,38446,6968,4403,40156,44431,25778,6968,41011,6968,38446,32618,28343,37591,38446,12953,12098,8678,11243,38446,20648,40156,7980,12953,40156,44431,7980,25778,6968,41011,6968,38446,32618,1995,43576,38446,6968,7823,52126,24068,58966,4560,1140,2850,64951,1140}},{485,895,30953,{55185,7970,36299,36589,46322,33689,52285,46322,5650,45742,53735,43422,43422,33109,36589,54605,16253,15093,34269,51995,8550,36589,19153,56635,34269,54605,44872,52285,15383,34269,42842,15383,8550,42842,52285,34269,24826,52575,34849,55185,62888,61438,15383,15383,5650,16543,5650,43422,33689,45742,5650,15383,61438,8550,36299,45742,26856,45452,36589}},{92,490,46361,{30233,15183,7605,4199,1453,4199,6945,2113,58736,54947,38854,27487,64888,63185,1453,35065,57033,48412,27487,20952,20952,41877,64228,61482,19249,30616,6945,35065,58736,22378,16886,6945,18589,25124,19249,30616,19632,16886,25124,20952,41877,41877,6945,16886,61482,6945,16886,51541,19632,31276,25124,30616,64228,30616,57033,45006,6945,35065,58736,22378,64228,25124,40557,48412,27487,20952,41877,16886,1453,51541,16886,20952}},{138,493,33018,{39707,39707,33855,41743,22532,45305,62099,4466,31565,45305,14644,4466,45305,13499,44033,14644,22532,59809,15916,62099,4466,31565,14644,31565,21387,46323,62099,62099,4466,53193,45305,24822,41743,11463,39707,39707,39707,53066,60954,62099,44033,22532,48613,4466,31565,14644,31565,21387,27112,14644,59809,3321,44033,60954,59809,15916,62099,4466,31565,53193,11463,39707,39707,39707,62099,4466,31565,14644,31565,21387,46323,62099,62099,4466,16934}},{478,224,21186,{53415,45204,39730,17033,2547,45204,6085,3348,49076,28148,28148,53415,45204,32487,49076,28148,28148,39730,35224,56152,3348,53415,16232,11559,3348,53415,35224,63395,21706,45204,611,39730,6085,8822,6085,11559,35224,39730,6085,611,45204,62594,611,611,3348,32487,611,36993,45204,18802,42634,49076,28148,53415,45204,32487,49076,53415,45204,32487,49076,49076,3348,21706,39730,63395,35224}},{439,784,19866,{11379,35594,34344,6567,26689,14941,16722,59809,33813,34344,16722,5505,5505,14941,3724,40218,45561,46811,13160,11379,35594,10129,45561,14941,3724,3724,33813,11379}},{244,65,33122,{47097,21994,44197,37944,36494,6135,47097,16738,27341,36494,21994,12841,34500,43653,37944,18188,62503,24441,47097,53350,12388,65403,24441,6135,63953,53350,65403,3235,47550,21994,36494,27341,47097,29697,47097,65403,24441,6135,63953,53350,65403,58153,36494,12841,34500,53350,36494,62503,12841,12841,34500,34500,54800,27341,6135,24441,54800,29697,37944,18188}},{433,453,50549,{6319,6761,25802,28012,52357,47937,6761,50147,27128,28012,6319,32874,47937,48379,4551,6319,48379,25360,26686,38178,12065,38178,50147,32874,47937,48379,4551,6319,48379,25360,26686,9855,49263}},{268,737,10459,{23472,28421,45423,10993,55534,52953,3676,3676,18523,23472,65219,5831,15729,57902,14758,39503,28421,5831,1095,65432,18523,29605,19707,28421,5831,1095,18523,65432,9809,49401,39503,64248,29605,5831,36922,65432,59299,19707,23472,15729,65219,5831,28421,18523,65432,9809,49401,19707,14758,36922,65432,59299,19707,23472,65219,5831,18523,19707,24656,18523,19707,23472,34554}},{243,227,20735,{27036,28755,38595,20555,38595,46795,51636,35315,7435,10715,23835,20555,28755,17275,51557,31877,15635,40235,28755,10715,38595,20555,30395,28755,44997,30395,46637,31877,30395,28755,27036,28755,38595,20555,38595,46795,20476,12355,12355,13995,12355}},{243,644,49739,{11826,39754,19602,15139,27515,31978,19739,19602,40630,40630,50706,50706,15139,48543,20889,16426,16426,51993,15139,48543,58619,44217,27515,19739,15139,10813,39754,4187,20889,5337,13113,15139,37454,61932,58619,31978,15139,32991,39754,39754,63082,15139,48543,58619,16426,13113,27515,63082,15139,61795,15139,18589,13113,63082,27515,61932,24202,50706,6350,31978,15139,60782,63082}},{266,106,24379,{16827,16827,21877,10194,62234,25258,5101,58939,62191,16827,1720,53803,62191,10194,8439,16827,16827,36984,62234,43703,23546,63903,10108,10194,8482,10194,21877,53803,62191,43703,15158,58939,62191,16827,1720,53803,62191,10194,8439,16827,16827,36984,62234,43703,23546,42077,25301,10194,8439,16827,16827,36984,62234,43703,23546,57184,25301,10194,8439,16827,16827,36984,62234,43703,23546,25258,10194,8482,10194,1720}},{174,650,52828,{46544,58654,13879,36633,6900,36633,17544,28188,44345,18468,33701,30578,63243,63243,53332,18468,5434,46544,56455,18468,36633,17544,28188,43421}},{76,113,17048,{32383,16291,50462,31549,8662,13470,29243,36872,40527,16291,47641,53283,32383,16291,8343,32383,53283,34370,50462,55270,8662,56938,47641,47641,13470,46488,47641,37191,37191,8662,53283,34370,50462,47641,37191,23920,8343,49309,8343,41999,62899,40527,40527,16291,47641,53283,32383,16291,8343,19112,44820,37191,53283,34370,50462,47641,37191,8343,50462,23920,19946,32383}},{190,381,32923,{13902,11886,11281,56037,26603,28619,3217,22571,13902,47973,28619,2612,24587,24587,62690,40110,64706,24587,15918,28619,52005,52811,52206,39505,13902,41320,4023,11886,24587,22571,4023,64706}},{62,142,20378,{47317,28170,47780,54008,5110,47317,40626,5110,27707,47317,14325,5110,8097,47317,28170,47780,54008,56323,22868,60236,62551,30948,44330,35787,47317,28170,47780,54008,44330,50558,5110,14325,41089,47780,27707,5110,40626,47780,14325,33935,40626,27707,5110,1869,34861,54008}},{128,147,18755,{56489,14965,6874,14965,41659,11999,7143,4177,26829,17931,6874,38693,44625,11999,14965,35727,48398,12268,3101,38693,14965,6874,23594,27367,6874,12806,48129,44625,44625,53523,12806,6874,59455,23863,14965,41659,6874,53523,14965,59455,62421,53523,41659,6874,17931,3101,35727,56489,14965,6874,14965,41659,11999,7143,4177}},{296,263,38710,{13104,7537,17801,1100,4536,40069,51203,55487,61054,34502,18236,19519,17801,45636,55487,19519,17801,2383,7950,13517,2818,12234,17801,34502,55487,49072,15670,26369,17801,6667,45636,15670,54639,4536,51203,2383,4536,40069,51203,55487,61054,34502,18236,19519,17801,45636,55487,19519,17801,2383,7950,13517,2818,12234,17801,34502,55487,49072,15670,20802,51203}},{430,117,6795,{56376,22550,22415,26812,22550,64495,51844,30669,56376,41594,30669,22550,56376,1375,18288,5637,11760,18153,20419,39463,1375,18153,20419,41594,58507,9899,32935,3506,20419,5637,1375,34931,64495}},{237,818,36501,{10248,40762,26556,57867,26048,45255,1840,35761,21555,50764,28658,63157,51053,51053,11553,50764,35761,47865,11553,28658,1840,35761,11553,47865,50764,63157,51053,50764,28658,38660,63157,51053,63157,51053,33659,62868,1840}},{210,248,27867,{19812,55160,57309,9462,2138,20207,31434,4287,42661,9462,37486,12488,34855,4287,37486,57309,34855,45205,19812,55160,57309,9462,2138,20207,31434,4287,42661,9462,37486,12488,20207,61607,4287,19812,9462,35732,19812,4287,12488,39635,62484,45205,4682,16786,57704}},{383,624,45954,{25631,39571,32087,48669,56153,65251,65472,40599,65251,16533,65472,25631,17340,24824,14698,60409,50504,40599,17340,8242,24017,46248,12277,49697,8242,25631,12277,49697,40599,32308,24017,37150,57988,49697,24824,25631,64444,48669,43827,65472,65472,16533,35536,24017,50504,40599,24017,48669}},{168,200,27066,{50944,50944,52854,13187,37574,60051,58141,64803,50455,50455,50012,60051,13187,27535,50012,58141,52854,13187,50012,27535,60051,64803,50455,60051,58141,45703,64803}},{340,510,48191,{57237,54443,57237,25951,62273,20363,17569,25951,37127,58496,59479,7928,42715,23157,62273,54443,62273,37127,65067,54443,54443,42715,34333,2340,7928,42715,58496,59479,17569,37127,2340,20363,51097,34333,37127,58496,7928,31539,31539,42715,6393,23433,34333,34333,25951,12257,51097}},{172,690,58102,{49805,19875,31197,55466,49805,19875,53841,35286,8553,6928,6928,48180,41733,6928,8553,44144,31197,5356,15892,45822,55466,14214,12642,36858,6928,53841,12642,8553,6928,6928}},{149,721,61437,{52049,33166,11700,1705,22802,16882,19096,36872,62413,52418,16882,19096,52049,52418,36872,62044,52049,16882,19096,52418,16882,27246,55001,29829,22064,12069,19096,16882,42054,36872,19096,22064,11700}},{142,182,52576,{16030,48626,35456,43605,45498,63360,50190,42041,12573,967,35456,30435,42041,14466,58339,58339,37020,60561,27307,58339,58339,37020,16030,58339,27307,42041,14137,9774,8210,967,20722,42041}},{187,178,63983,{35546,51905,29667,65154,59488,41638,29667,35546,51905,65154,35546,17483,51479,3808,59275,47304,51905,17483,17696,17696,29667,34907,17696,17483,65154,5725,46452,28815,59275}},{149,155,4825,{9451,4155,53788,6803,50882,12099,38837,39095,45586,6803,21496,4155,37900,8514,312,36189,36189,50882,27050,8256,59084,8514,64638,20559,38837,45586,30893,9451,20559,50882,30893,38837,54,50882,9451,20559,30893,9451,4155,22012,22012,60795,21496,36189,42938,54983,21496,20559,45586,21496,20559,9709,20559,2960,9451,12099,38837,54983,9451,42938,30893,1765}},{465,784,49665,{1779,40023,29056,15308,40804,54052,44866,9684,27275,32118,44866,9684,27275,41804,40804,32899,11746,59676,27275,32118,55333,28556,35180,49709,40023,5622,57114,5622,40804,49209,19370,19370,6622,1279,50990,63738,40804,11746,59676,27275,32118,55333,18870,44866,32118}},{226,406,7561,{12202,52038,49239,12202,49239,20755,34906,43485,34906,52038,49239,12202,49239,20755,29230,54863,3649,20755,49239,46388,40660,57740,17852,46310,57714,52012,34906,60565,60565,746,52012,34906,60565,32081,32081,14975,3545,34880,6500,12202}},{495,45,22350,{10694,44633,53932,58860,32763,47547,22907,1738,38248,17979,32763,17979,3195,14165,2295,14165,38248,17979,32763,17979,3195,51575,10694,62331,3195,17979,27835,29849,18536,43176,40262,56503,41719,41719,20550,14165,56503,41719,41719,20550,14165,56503,41719,41719,35334,57060,61988,52475,32763,10694,23464,47547,32763,32763,19993,3195}},{246,691,5757,{48024,22371,47785,58745,48024,29598,55251,22371,18877,25865,45247,48502,45247,8634,37781,15861,38259,20072,44291,51518,37781,48263,18638,451,51518,62478,22371,55251,8156,29598,48024,22371,47785,58745,48024,29598,55251,22371,18877,25865,45247,48502,45247,8634,37781,26821,38259,20072,44291,51518,37781}},{439,327,3943,{54943,31729,13201,61756,62537,47914,47914,45006,55724,45006,31729,13201,13201,61756,52600,13201,31729,47914,30167,16541,356,30948,30167,9512,35634,48695,61756,47914,62537,28605,45006,55724,45006,31729,13201,13201}},{162,694,45956,{31819,56075,19619,62247,22633,7419,23852,22633,59233,62247,23852,23852,7419,19619,36340,50047,7419,4117,48540,44019,59233,36340,18112,60740,19619,59233,4117,45526,31819,19619,36340,22633,57726,57726,54568,19619,19619,33326,14810,31819,19619,19619,33326,40717,23852,63466,60740,48540,4117,59233,19619,18112,4117,31819,19619,19619,33326,4117,19619,31819,4117,50047,36340,18112,60740,4405,22633,19475}},{83,17,30321,{7469,7469,16856,835,7469,4340,4340,41700,35442,23114,54216,7469,4340,19985,10410,16856,7469,7469,1211,16668,22362,23114,51087,41700,4340,22362,16856,41700,23114,26243,16856,4340,22362,41700,4340,38571,19045,19045,15916,44829,7469,16856,22362,22926,59910,22362,35442,51087,54216,63603,38571,22362,54216,4340,22362,54216,10598,29184,54216,16856,19985,47394,16856,7469,7469,1211,38195,13351,41700,23114,835,51087,54216,63603,38571}},{226,236,33406,{29003,5657,47020,1952,13828,13828,37986,59302,58896,38798,26922,26922,53161,17533,37986,47426,41285,53161,23268,59302,7687,60114,23674,35144,5657,37986,54785,54785,37986,61738,6875,58896,58896,29003,61738,37986,52755,41285,5657,47020,38798,26922,26922,26922,23674,5251,5251,23268,46614,6875,58896,58896}},{254,517,31561,{47776,12735,26227,65119,45673,33410,26227,65119,45673,8884,45318,11861,45673,26227,33410,57936,25872,39009,58455,58455,38490,60039,57936,39009,58455,38490,60039,57936,39009,58455,39009,58455,33410,40593,11861,50753,33410,4323,11861,40593,60039,60039,4323,30078,4323,47776,40593,40593,13964}},{127,443,64051,{59363,60299,52588,15192,34046,5609,4049,5609,5609,33734,5609,3737,60299,52900,24775,24775,33734,43005,62483,21655,61859,25087,24775,43005,62483,15192,52900,24775,21655,43005,52588,15192,34046,5609,49780,29678,1553,1553,15192,61859,58739,43005,52588,15192,34046,5609,59363,42069,52276,62171,33734,58739,22591,22591,58739,49468,22903,52900,52900,6233,49468,58739,62483,52588,33734,24775,29678,1553}},{225,526,64468,{40794,40794,62012,9869,10989,61452,28536,31896,17398,2900,17398,25487,50003,9869,54483,54483,46954,55043,37185,3460,3460,25487,44714,24927,53923,39425,46954,24927,53923,39425,62012,57532,34945,46394,39425,24927,46954,31896,35505,26296,40794,40794,17398,17958,31896,26296,40794,17398,17958,31896,35505,26296,40794,26296}},{298,149,21560,{63637,25929,25072,50548,22501,49691,24215,5595,19930,19930,51405,38784,19930,53119,53119,24215,25072,50548,22501,19930,53119,18216,28500,51405,19930,19930,20787,27643,21021,41355,21021,25072,19930,53119,53119,30448,63637,50548,25929,58261,53976,24215,15022,22501,53119,18216,24215,51405,50548,17593,54833,15879,21021,25072,19930,53119,53119,49925,30448,24215,53119,57404,30448,30448,53976,19930,25072,25929,53976,21021,56547,17359,53119,25072,50548}},{396,276,5313,{55780,33952,37590,59270,23038,4811,41228,33952,8486,4811,59344,33952,33952,23038,55706,19400,30314,30166,26528,8264,11902,1173,33952,23038,59270,26639}},{304,336,25403,{32942,48464,2744,48464,52320,13092,48464,52320,10505,62668,52320,7918,39385,38116,34211,44559,7918,49733,39385,10505,62668,60081,57494,14833,30778,57494,5331,1898,57494}},{275,776,35335,{55540,39252,41288,50450,40270,37216,50450,56558,55540,44711,45729,45729,36567,40270,51468,14171,13153,13153,45360,42306,36567,58594,50819,17874}},{43,476,10171,{55695,11922,41104,47095,55972,55972,47095,7039,46818,37387,37387,42824,26790,8482,3045,7039,47095,55695,57415,61132,47095,28233,50535,12199,22796,41381}},{39,750,36743,{18877,53402,53147,27062,16730,21896,42560,27062,16730,21896,18367,53402,24043,43070,18367,21896,6398,52892,60460,55294,55294,55294,28699,46344,32483,6398,13201,18367,8035,58058,44197,18877,24043,60460,55294,55294,6398,52892,1232,60460,55294,6398,52892,1232,60460,55294,11564,58058,8035,43070,8035,58058,58058,47726,39541,43070,61587,58058,52892}},{431,280,8848,{14960,64471,32414,14960,64471,47291,34132,32414,14101,63027,62753,34132,942,46432,32414,13242,33273,56740,63886,63886,14101,7814,63886,14960,14960,33273,942,46432,32414,63886,14960,63027,46158,64471,49868,63886,36435,53030,53030,32414,16678,64471,942,63886,14960,14960,28704}},{243,311,2957,{51716,42454,9904,9904,44559,44980,8641,44559,12009,26323,8641,11167,44559,9904,26323,44980,42454,9904,9904,20850,18745,43717,41612,44980,42454,9904,9904,44559,44980,8641,24639,57189,26323,44559,9904,12009,30954,63925,44559,9904,12009,30954,63925,45401,44980,8641,43717,8220,44559,18745,42454,42454,9062,51716,42454}},{455,758,62131,{35206,35206,55906,60506,21406,46706,32906,35206,23706,18043,16864,18043,5306,706,3122,55906,35206,58206,3122,3122,39806,32906,60506,65106,39806,18043,53606,19106,35206,60506,21406,46706,32906,35206,18043,23706,60506,65106,35206,7664,35206,58206,57085,32906,32906,42106,34085,32906,32906,37506,23706,65164,62864,3122,5422,39806}},{486,250,20515,{65397,36196,20409,8956,64260,36196,56317,64260,63848,64260,63024,65397,56317,33823,31450,40530,20409,36196,51983,7407,36608,18036,24743,11329,36608,18036,56317,31450}},{93,745,13994,{34202,28532,4733,23569,14556,60431,44128,62154,28532,53038,62051,62051,13746,52228,34202,48988,5543,5543,33392,15366,62154,62964,3216,49901,23569,32582,24482,52228,5543,34202}},{134,440,38408,{7449,28338,54529,7449,49285,15228,23094,65017,7449,54529,23094,49285,46663,54529,65017,7449,23094,65017,25716,65133,2234,65133,2234,20472,62395}},{189,200,41296,{20228,57980,41760,23690,57980,20228,61561,61561,1755,57980,13185,31658,57980,13185,25943,36045,13185,20228,50131,35120,30330,20228,49206,44819,24615,14513,56249,48803,13185,37373,60233,20228,24615,31658,35120,65023,65023,57980,60233,61561,55324,25421,25421,25943,20228,61561,30330,24615,50131,50131,46147,61561,61561,1755,35120,20228}},{97,264,64332,{20541,20541,12220,56911,26217,54817,44457,49141,7536,26217,26217,54817,40820,20541,36136,27815,40820,52227,262,20541,20541,12220,25721,7536,7536,44457,7536,34042,20541,49141,49141,52227,9079,52227,36136,262,44953,34042,24178,61099,40820,7536,25721,7536,7536,44457,7536,29358,34042,20541,49141,49141,44457,36136,8583,19990,15857,45504,49141,36136,8583,61099,20541,49141,19990,262,20541,20541}},{39,71,17737,{23618,55479,40134,39639,39639,21638,20153,51024,19163,24608,24608,26093,3818,26588,25103,8768,24113,51024,27083,21143,19658,24113,40134,39639,39639,39639,27083,17678,26588,22628,57954,19163,19658,20153,19658,26093,54984,25103,26093,24608,18668,19658,26588,26588,10253,24608,24608,23618,56964,51024,26093,24608,24608,23618,55479,40134,39639,39639,19658}},{158,135,6450,{64714,20627,16970,58426,44692,64714,20627,42254,16970,58426,12541,13953,38018,16584,44692,31537,9910,64714,53997,44692,29932,12541,18189,33975,48928,22232,29932,23258,23258,40649,30125,20627,20627,44692,20627,12734,23258,64714,64714,42254,16970,44692,64714,20627,16970,16970,16584,23258,62083,13953,16584,22232,3236,36606,64714,62083,12541,9910,23258,64714,22232,36606,47323}},{494,128,53167,{2276,41910,9298,10905,53753,31674,31674,57561,62382,669,40303,3883,31377,8704,669,9298,41910,9298,10905,17333,11918,3289,2276,31674,31674,57561,62382,669,40303,17630,23045,5193,58871}},{184,262,48934,{18801,7788,14760,13334,14760,41222,61980,55008,24505,45421,27278,13334,24505,18801,52393,28625,18801,24426,18801,34250,45421,45421,816,14681,7788,52393,18880,38449,18801,13334,38449,34250,18801,60712,7709,3589,31477,13255,50888}},{9,544,46652,{56651,36636,11145,46581,1075,19076,28580,1075,11586,19076,57092,19076,20083,56085,36070,634,29146,36070,15614,50609,9131,47147,10579,38084,56651,36636,11145,46581,57092,19076,20083,19076,57092,19076,20083,56085,23545,14041,37643,634,17628,64141,37643,36070,17628,13600,36070,49602,36070,27132,634,634,29146}},{135,733,61051,{39594,59177,50778,23910,1498,45208,8783,1498,17182,45208,1498,62563,6555,45208,26138,34537,45208,1498,62563,23910,941,941,27296,27296,2656,8783,30638,55835,34537}},{90,669,28552,{27880,45605,10552,27880,19722,15931,16328,16328,52175,38638,64124,28277,15137,1997,21310,46399,27880,27880,4379,20913,4379,39829,16328,25895,4379,27880,46399,19722,49793,25895,8170,44017,1997,38638,4379,22501,57951,25895,38638,45605,64124,10155,4379,51778,9361,10552,4776,46002,27880,25895}},{42,497,42234,{5084,34191,54421,4465,2442,9749,17222,8511,34191,42283,7726,17222,54421,36214,46329,8511,48352,50994,46329,4465,50375,52398,2442,46329,40260,8511,7726,7107,34191,2442,45544,9749,28122,38856,40260,36214,46329,2442,46329,40260,8511,25314,6488,15199,26099,45544,61109,38856,10534,54421,30145,13795,45544,44140,12391,54421}},{121,82,19980,{16780,22063,49652,42021,39673,50826,42021,6214,41434,47891,47891,49652,23237,50239,48478,21476,8562,32042,52587,42021,42021,47304,25585,47304,42608,47891,9736,47304,42021,52587,6214,10910,9736,12084,13845,6801,8562,54935,21476,39673,40847,45543,43195,49652,47891,51413,47304,41434,22063,47891,46130,47891,49652,12671,18541,41434,47891,47891,49652,23237,50239,48478,29107,47304,1518}},{500,366,57298,{19918,28388,47073,43089,10452,59280,32125,59280,20914,40348,16930,43336,20914,59280,63017,15185,2978,45081,28141,13193,20667,5719,13193,20667,1982,13193,59033,43089,59280,20914,43089,28388,16930,53551,43336,43336,33121,59033,60029,18922,32125,19918,40595,28141,59033,18675,53304,19918,60029,10452,20914,12444,19918,17177,12444,28141,47073,59280}},{352,20,41495,{51084,49745,4309,5618,6957,41741,59148,63135,25673,33707,33707,29690,24364,29690,55101,51084,36415,29690,33707,25673,39093,13682,36415,56470,55131,60487,59148,45728,27042}},{136,64,57153,{52119,20901,52119,17816,55987,58289,29005,1240,44430,24769,57138,20901,37477,25137,34024,44430,49449,49449,39043,55204,23986,16297,3174,52119,52119,17816,8193,28222,62525,46732,41713,16297,38628,44798,13580,41713,49449,39043,39043,28222,58289,37477,41713,32090,41713,3174,39411,52119,52119,10495,12429,52119,52119,31307,28222,34024,44430,49449,39043,13580,20901,28222,13580}},{449,750,4806,{35241,37954,37954,15173,50442,28738,23312,4321,50442,8929,23312,23312,15173,6216,12460,20599,19372,16659,35241,37954,50442,26025,53155,35241,50442,26025,53155,35241,35241,31451,19372,53155,23312,23312,15173,6216}},{291,729,19793,{59731,39025,49138,42140,59539,32123,8014,59731,28624,49138,8014,1112,1112,32123,25221,62846,56040,11417,56232,14820,4515,59443,56040,32123,25221,25221,28624,14820,1112,728,35526,8014,25221,14820,1112,56232,32123,25221,728,7630,55752,48850,8014}},{296,261,10979,{51160,7541,45777,22019,16636,44106,42065,42065,3829,53201,12924,51160,2158,24060,51530,32970,42065,22019,44291,7541,42065,42065,3829,53201,12924,51160,13109,32970,60625,40764,16636,32970,7541,60625,60625,40764,40764,22019,45777,12924,5685,40579,12924,51160,45777,49304,32970,51530,25731,31114,32970,63967,22019,53016}},{17,454,40144,{8261,51038,31462,54206,4352,47129,5550,8261,62938,17450,5550,46073,62938,10972,46073,50439,46073,59171,8261,10972,48327,33716,31005,17450,62938,42905,47728,52094,17450,2839,56460,58572,8261,10972,55861,45616,2839,5550,20161,31462,26040,55861,13683,10972,10972,42905,51038,56460,3895,8261}},{318,176,41349,{33439,44623,11071,5376,14977,16560,52538,58130,31753,8542,14134,1470,18246,16560,35022,16663,16560,46206,39031,29430,16560,29430,33439,33439,16663,6219}},{415,418,39882,{23453,48032,56317,64418,48262,15260,48055,7113,64418,31945,40138,40138,23453,23499,39885,64418,39977,64418,15306,48147,56225,56225,23476,31738,56225,56225,7090,23453,48239,40046,31945,40138,7113,64418,15306,31945,7113,64418,15306,40046,31945,31945,7274,7274,48262,39954,15260,7113,7090,48262,7205,23545,48124,31945,15283,56225,23499,39885,15283,48262,39862,15260,7113,7090,7205,23453,48032,56317,64418,7228,64441,39885,15283,23453,7113}},{170,28,58252,{64384,36874,45392,11320,49322,36874,39488,28356,15908,38839,17873,57182,34909,26391,48664,8039,28356,15908,38839,17873,57182,34909,26391,17215,8039,28356,15908,38839,17873,57182,34909,26391,53252,8039,28356,15908,38839,17873,57182,34909,26391,29663,57840,12627,11320,53252,24426,18522,61770,21803,61770,28356,34909,8039,1486,19180,38839,64393,38839,53910}},{133,770,4159,{35501,17888,50231,56060,11035,64835,57982,50231,26726,63874,9113,64898,17951,19936,19936,17888,7128,50168,35501,17888,50231,38447,62913,23780,41393,26726,38447,20834,56060,38447,26726,19873,63874,33579,29609,19936,45363,5206,64835,14942,34540,10074,11035,35501,28648,32555,33579,11035,61889,51129,64835,7191,1299,17888,35501,36462,54075,17888,28648,13981,54075,11035,33579}},{423,458,61579,{41976,30873,14767,56985,35394,64797,30873,14767,45882,13670,29776,13670,64182,31488,41976,30873,14767,56985,35394,6473,13670,41976,34779,35876,13670,8667,3664,31488,41976,30873}},{230,741,41736,{41986,19367,16593,58619,36730,61831,41694,41110,19659,63583,41402,41110,19659,61101,20097,41840,41986,19367,16593,17907,41694,41548,62999,18345,41402,41548,19367,61101,20097,41840,41986,19367,16593,61831,41402,63875,19367,39796,41402,19805}},{181,466,60621,{62252,33503,52825,52825,19075,24076,62252,45377,37929,33971,44441,19650,43973,52357,2200,13606,33971,33503,45377,33971,221,19075,33971,45377}},{176,536,57917,{25888,48455,56839,32721,25888,65223,16470,15953,31687,23820,35306,56322,40071,31687,32721,60975,58390,65223,32204,32721,40071,58907,32721,7052,32721,40071,35306,56322,40071,31687,32721,60975,43173,219,40071,40071,32721,56839,50523,8086,17504,56322,219,40071,56839,65223}},{17,232,27578,{12312,8437,27458,44020,27458,35208,23583,20062,44374,45082,48957,24291,62333,20062,58458,20062,27458,46833,50708,55291,20062,8083,44020,27458,35208,23583,20062,45082,58104,45082,45082,58458,46833,27812,35562,58458,25353,16187,23583,50708,27812,27458,4562,46833,50708,25353,4562,31333,20416,35562,35208,12312,20062,27458,63041,27458,20062,54583,59874,46833,31687,687,55999,45082,48957,35208,20062,27458,23583,35208}},{142,17,46470,{32237,42964,1019,13727,26067,9029,40247,40247,44945,32237,16812,42964,1019,13727,26067,17548,7925,7189,61106,55304,46049,14095,1019,16812,51115,29152,46049,24086,9029,40247,40247,44945,32237,16812,42964,57653,61106,54568,4840,1755,57653,41860,7925,57653,1755,14095,23350,35690}},{382,714,38668,{35042,26951,26890,60108,59864,51529,18677,18738,18799,27622,52200,52200,51529,59620,43316,11074,35042,26951,26890,27256,51712,2251,43560,18738,2251,2373,18738,59620,43316,51529,59620,43194}},{311,527,60162,{7231,16792,22355,43800,23382,47419,13173,33591,9554,20411,58276,30620,8527,44069,30620,37210,44448,44069,44069,64866,23382,58276,20411,64866,1937,16792,5935,37210,58276,19763,40829,23382,37210,1937,20411,9554,9554,64866,16144,24678,19763,30620,51038,14469,17440,58924,22355,23382,6583}},{245,651,43769,{18550,22258,61323,58356,15583,6682,61076,30418,33385,48220,61076,15583,48220,3715,27451,39813,45253,36352,3962,30418,61076,33385,42286,61076,30418,33385,48220,61076,15583,45253,18797,57368,42286,9649,3715,48220,51681,48220,3715,27451}},{113,834,59623,{42416,6345,32329,26419,25297,48326,51792,60657,46493,23464,48326,20509,46493,51792,34673,20509,23464,48326,46493,23464,63612,31818,48937,43538,29374,48326,6345,32329,26419,61879,53014,43538,23464,63612,53014,43538,20509,3390,51792,38850,60657,43538,57702,63612,42416,14088,1657,51792,46493,40583,4612,27030,12866,14088,25297,48326,51792,60657}},{108,747,60146,{16418,18600,43370,34130,16418,41895,13017,34130,18600,43370,16418,18600,45296,23476,23476,52354,10835,55243,8653,888,10835,43370,60826,10835,57681}},{421,148,46775,{39361,2595,15335,17883,34992,2595,40088,45184,36086,2595,45184,25527,20798,5510,36813,55376,50280,52828,63020,55376,50280,52828,17883,5510,23346,9879,7331,52828,63020,36086,52101,34992,47,45184,8785,5510,39361,17883,45184,47,29169}},{172,415,6096,{57245,17036,55708,61641,48238,11103,64715,19981,12554,23012,39403,14091,26000,36415,36415,24463,39403,61727,37909,61641,48238,11103,64715,19981,14048,24506,64715,64715,39360,39403,64715,39403,14091,24463,39360,39403,64715,39403,14091,21475,19981,49818,14091,39403,12597,43842,27451,25957,5084,46787,58696,8072,48281,48281,58696,60190,34878,46787,18487,61641,48238,11103,64715,19981}},{407,567,485,{42693,18376,36884,36884,19862,8379,12702,5542,58229,39721,12702,8379,15539,5542,46881,29724,52690,59850,25671,47016,138,15809,34047,36884,25671,32696,26887,42558,36884,18376,5542,15539,24185,55392,36884,55392,8379,52690,24185,55392,36884,55392,8379,12837,25671,65389,8379,55392,21213,51204,27022,39856,54176,28508,47016,47016,57013,28508,47016,47016,57013,28508,47016,47016,38505,138,15809}},{426,783,52556,{52868,3539,14647,17189,39971,35923,3539,56916,11635,40724,37429,27827,24532,11635,31875,19731,24532,27827,40724,11635,32628,56163,9846,22743,14647,34887,65482,61434,52868,3539,14647,21237,24532,27827,40724,11635,35923,9846,15683,28580,60964,65482,40724,11635,36676,65482,65482,3539,15683}},{166,531,44237,{21327,32908,1973,48925,36716,48140,55913,21327,21170,52105,17362,55913,48925,32751,9746,28943,17362,9589,9746,40838,21170,9746,28943,64000,59721,44332,2601,29571,45274,18304}},{446,174,32104,{12422,18510,64220,37872,14967,24149,15965,37872,58132,46954,37872,58132,55587,23600,58132,64220,35776,6883,53042,18510,64220,1244,35776,55587,23600,32233,40866,19059,42413,40866,7332,62224,40866,35776,32233,40866,46954,3789,23600}},{336,106,29324,{63283,30451,35923,53197,47725,47725,31452,52482,57811,20794,26266,26266,25122,41538,31452,19507,20222,3663,35923,47439,53197,20508,9135,25122}},{457,673,57533,{785,64280,56176,62254,785,64280,39968,9537,60876,13589,12941,52124,6863,13589,35916,50746,51435,12941,54150,4837,20356,20356,9537,61565,39968,4837,54150,4148,41305,47383,9537,13589,39968,64280,4837,52124,58161,60187}},{409,525,24935,{36529,36529,44638,38371,6655,19930,1736,37877,31116,53735,22019,43043,13663,7149,36529,36529,19930,17594,49310,7149,36529,19930,17594,49310,7149,19930,17594,49310,7149,7149,10833,53735,13169,6408,10833,15999,56071,8497,17594,13169,37877,33452,53735,17594,15999,31116,19930,56071,31116,19930,1736,62832,56318,37877,19930}},{359,207,20771,{49622,34263,61754,55688,41146,43168,46007,43985,41534,35468,24970,41534,63776,33446,49622,34263,61754,55688,54483,51644,24970,63776,39512,33446,51644,46007,43985,43985,35468,53666,59732,24970,21314,49234,31424,24970}},{422,116,45295,{58651,64712,9473,58651,40928,22745,58651,17144,5252,45379,23205,52820,17144,34867,5252,40928,22745,64482,40698,27886,4332,40698,58881,40008,40698,5252,64482,40698,64712,52590,22745,64712,58881,5252,45379,33487,33487,9473,52590,52820,9013,20905,20905,20905,22745,40928,40928,22975,64942,46069,58881,40698,11083,28116,58191,28346,45379,52590,33487,9013,20905,20905,40698,64712,52590,9013,20905,40698,64712}},{245,134,16839,{18420,36630,40058,38237,18420,36630,36630,60482,59875,62303,19027,60482,54019,61696,58661,38237,62303,37023,61089,59875,38237,54019,58661,15992,18420,19027,37023,40058,23883,37023,40058,16599,2852,15385,15992,21455,23883,30560,15385,37023,19027,37023}},{404,550,35176,{12692,59266,2520,53529,5219,33809,12692,63267,6955,19297,41282,21033,12258,59700,21901,59700,19297,33809,20165,33809,12692,2520,53529,48755,26770,49189,20165,48755,59700,41282,35979,21901,5219,33809,12692,63267,6955,19297,41282,21033,12258,59700,20165,12258,63701,59700,42584,57964,5219,63267,58832,784,12258,12692,11824,44754,44320,37281,51793,44320,29374,37281,29808,37281,7823,59266,59700,26770,4785,59700,42584,57964,5219}},{106,246,32208,{46059,54479,61713,11490,60527,27974,7043,58096,65330,19910,65330,58096,65330,19910,37995,61298,30346,15107,42442,64144,2240,15107,21511,64144,49261,1825,53293,639,60527,46059,52878,35208,7873,34793,11490,21511,2240,11490,29575,21511,11490,61713,60112,21511,42442,4256,21511,11490,61713}},{382,595,30529,{12699,56962,56962,10952,10952,14725,10306,26411,57975,11686,60735,10306,4140,60735,28804,45643,4140,60735,30551,50429,7913,19232,16472,13712,59355,58342,60735,60735,26778,35337,26778,56962,23005,6166,26778,60735,58342,28804,64141,6166,56595,45276,13712,50429,26778,367,30551,6166,50429,10306,7913,45643,26778,53189,63128,4140,50796,34324,60735,6166,5153,367,10306,11686}},{247,432,65165,{21595,5399,36503,63926,25460,60061,13129,36503,13681,17730,44601,63926,36871,32638,44601,13865,29141,21411,21595,44601,2270,63926,13129,9632,25460,21595,59325,5399,48650,13497,2270,17730,44601,21595,44601,2270,63926,5583,6135,44233,56380,59325,59509,13497,56196}},{44,476,7499,{21765,40856,50135,20900,9891,39126,21765,48073,47042,48938,35867,21765,55989,35867,50135,49969,55989,35867,64071,54093,19703,41887,10756,64237,8694,33805,35867,35867,34836,2674,34836,6632,5601,5767,34836,35867,33805,50135,12818,5767,19869,63206,20900,64237,47907,10756,21765,28816,57020,42918,48938,5601,26754,34836,65102,47042,5601,27785,5601,48938,56155,25889,49969,55989,35867,64071,54093,19703,41887,23827,34836,21931,21765,34836}},{132,753,9522,{25351,37090,1178,55249,47095,55249,63403,23211,9621,30787,63403,55249,49813,41948,12050,63981,58834,15057,4185,25929,15057,4185,31365,15057,61552,37090,55249,63403,37090,52531,9621,33794}},{439,554,5106,{60083,60083,47392,25372,1748,63676,5495,40052,18263,34470,25372,45326,54424,40052,1748,50908,16428,3660,40052,63753,3660,34470,32789,63753,3660,61918,32712,7330,34624,36382,63599,27284,36459}},{245,169,55356,{65347,65347,63149,57625,63149,14142,11944,64219,63149,65347,60951,43844,27330,64219,55962,33389,58160,35587,52694,37250,11944,34517,11944,54892,16875,36715,28993,15805,58160}},{361,279,24637,{12536,37245,44867,65273,62446,63797,50029,18190,18190,31958,20650,61954,42899,20650,244,10201,31099,57651,14012,55316,51013,17331,42899,244,34418,10201,17331,18190,31958,31958,27780,10201,61954,27780,10201,14012,34418,2579,244,10201,31099,57651}},{411,339,18739,{33946,34446,46446,24439,51446,7932,14439,56953,33946,14439,51446,7932,7932,55953,14439,34946,56453,33446,14439,40946,11939,14439,34946,63453,33946,34446,46446,24439,51446,7932,14439,12939,36446}},{214,306,31914,{57917,3000,20609,37444,57917,57917,23976,7412,61787,10508,3000,55053,56872,44952,17242,29162,62832,43404,51686,41585,44952,3000,29162,41585,10508,10508,51686,20609,25021,60239,23976,61787,6367,58420,42630,60239,51686,20609,20609,3000,6367,10508,7412,34077,41585,20609,6367,10508,61787,51686,20609,7412,38489,57917,26840,41585,17242,37444,9734}},{433,20,56973,{6749,19542,25950,6749,19542,8351,64306,16338,45105,41924,25950,14782,64283,54694,6749,25973,46707,6749,19542,8351,64306,16338,45105,33937,64283,5193,40368,19542,64283,29131,5193,5193,40368,40368,17940,14782,43503,54694,25927,27529,16338,45105,57898,38720,19542,22769,8374,19542,16338,38720,19542,64283,29131,57898,64283,6749,37141,29131,29131,19542,29131,38743,17963,54694,64283,64283,19542}},{80,463,8384,{4941,26190,8278,12545,50565,10982,4941,26190,20149,35357,10982,8278,35357,46087,44524,32653,63280,38905,20149,12545,9841,20149,26190,53691,52128,59943,1815,59732,41609,10982,9841,21712,10982,29316,9841,20149,1815,32442,21712,42961,36920,53691,26190,26401,26190,53691,52128,8278,35357,46087,44524,32653,9841,26190,61295,53691,10982,63280,38905,38905,26190}},{134,165,40508,{37307,55866,11217,39324,29480,26871,24262,26871,58475,54978,37307,63693,63693,8608,40212,34402,53257,26871,5999,44838,8312,16139,44542,781,34698,13826,52369,2206,4815,26871,3390,29480}},{433,895,37109,{57313,25385,3507,35096,18356,18356,57313,57313,22929,59317,44807,64229,22929,40234,1051,49606,35096,64229,10762,25385,35209,10762,25385,13218,20473,18243,30184,59317,49606,35096,59317,47150,3507,40234,20699,40234,44807,18243,30184,59317,49606,35096}},{87,843,60052,{15901,59989,10390,19579,48356,37945,43456,17746,9168,58767,9168,48356,37945,39790,39179,50201,46523,20801,48356,43456,39179,63667,4268,32434,37334}},{328,65,52984,{56839,19712,17956,12573,19712,56839,41406,17956,43878,31795,41406,56839,13451,30478,27567,17956,15923,28006,3401,51,53050,15923,19273,12573,15923,53050,37617,9662,27567,17956,7190,56839,63100,7190}},{80,225,40194,{56443,39167,52741,25474,37933,56443,46571,30410,39167,42869,61260,10547,55209,36699,45337,58911,37933,51507,44103,45337,675,44103,64962,10547,61379,42869,42869,47805,31763,25474,37933,56443,46571,30410,13134,16836,675,44103,64962,10547,56443,45337,57677,64962,37695,37695}},{399,727,1906,{17725,17725,43404,53545,49523,38557,52995,43404,13703,38557,27591,52995,46051,27591,35085,43404,31888,49523,60489,35085,53270,43404,13703,27591,46051,2187,53270,52995,38557,27591,31338,36460,49523,38557,16900,46051,49523,43404,24119,49523,60489,35085,53270,46326,20372,43404,46601,43404,5934,46051,49523,45776,53270,36460,49523,38557,16900,46051,49523,43404,24119,49523,60489,35085,53270,6484,65061,43404,24119,49523,60489,35085}},{404,286,60661,{49302,32005,12133,62932,8075,3289,32369,37155,49302,27219,62932,22069,62932,25008,27219,5864,29066,63660,41941,19858,32369,22797,25008,12133,62932,21705,27219,3289,39730,5864,62932,350,39730,10650,5864,714,10650,37155,62932,12497,3289,32369,37155,49302,62932,29066,24644,39730,3289,37155,48574,39366,39730,8075,8075,3289,49302,62932,17283,41213}},{10,410,58536,{1689,18686,37015,12889,57614,9756,23620,12889,15553,47549,61413,22954,7289,12889,33685,2824,61413,55147,50682,61413,61413,2824,63411,15553,29886,61413,22954}},{224,547,40430,{32299,37506,45938,38151,13500,64092,4423,13500,13500,38151,10873,16725,10873,62802,64092,37506,10228,55660,30364,15435,45938,61512,62802,42666,10873,27092,32299,37506,45938,38151,13500,10873,55660,13500,37506,29074,62802,45938,36861,44648,10873,64092,62802,46583,37506,13500,27092,42666,10873,9583,42666,10873,50453,42666,10873}},{187,577,11395,{14562,14516,14562,14631,14401,13688,13688,15942,16011,15735,15689,15942,14194,15804,16149,15988,15735,16126,15873,16011,15988,14194,16149,16034,15758}},{68,766,43860,{26744,18828,21629,27231,29058,16514,39288,21629,42089,57434,50492,32833,56094,8232,29058,41602,56947,26744,29058,60722,23943,27231,60722,7258,60722,51832,29058,16514,39288,21629,17001,59261,60722}},{194,865,12138,{21527,8534,43729,20971,63761,25311,58892,44814,23141,37219,8534,7449,9619,58336,59421,44258,7978,59421,31265,44258,30180,44258,52382,22056,20971,37775,59977,20971,63761,25311,58892,44814,23141,37219,8534,7449,9619,58336,30180,44258,52382,44258,30180,44258,52382,22056,32879,3638,15573,37775,14488,21527,15573,20971,14488,47513,20971,17187,20971,410,15573,58892,43729,7449,19357,8534,20971}},{351,402,47283,{59876,11531,18479,39517,11531,42894,42797,39517,63253,21856,39517,11531,42894,46174,56402,56402,15490,29289,59876,8348,15199,21856,4680,59876,59779,4680,60167,42603}},{285,394,44968,{9345,36439,37915,50724,18201,41342,18676,29534,19202,50724,50724,34963,19677,34963,63533,47772,1439,34963,50724,19202,55627,27057,1439,52675,25581,41342,18676,33962,34963,59105,22154}},{165,626,63234,{57492,21136,48095,13945,18357,16151,58552,1855,26608,24402,56346,33226,57492,42050,39271,48095,1282,26608,32166,11252,21136,16151,39271,3488,57492,21136,48095,13945,18357,16151,58552,8473,18357,1282,33226,7900,26608,18357,28814,16151,57492,16724,39271,26608,59698,32166,11252,49728,29387,28814,13945,18357,26608,18357,28814,16151}},{187,595,57059,{25429,2022,41395,35882,59018,7535,29556,21844,43594,55704,31213,59018,48836,21031,43594,7535,61217,57632,23772,43594,47721,23772,31213,13861,21844,3950,61488,23772,33412,11391,5336,9734,94,23772,23772}},{464,790,51775,{14163,64779,14163,25107,12795,36194,14163,26475,1851,44402,33458,36194,30722,26618,43034,38930,55346,61900,8834,31947,29211,18267,23739,8691,12795,4587,14163,27843,7466,12795,16899,12795,8691,29354,15674,23739,16899,21003,27843,26475,56571,14163,55346,31947,14163,27843,55346,7466,12795,16899,12795,8691,29354,36194,25107,8691,12795,15531,52467,1994,8834,44402,33458,38930,27986,33458,38930}},{429,712,11847,{9997,26174,34127,25632,20118,44790,25632,11894,9726,19034,11623,11623,4212,34127,42893,27258,60967,36024,36837,25903,34127,41267,33043,36024,42893,51388,44790,3399,36024,61238,3399,25903,19847,60967,36295,60696,3399,51930,58799,25632,60154,20389,3399,3399,11894,35211,11894,11623}},{330,720,14592,{2418,29220,46175,46862,45488,29678,7227,29220,50755,50526,51442,51213,52129,1502,27617,2418,2647,2418,2189,28075,3334,49152,45030,51442,28304,48465,2647,25327,23495,29678,51442,31968,46862,46175,25098,31968,31968,2647,29678,24869,2647,2876,25098,46862,5853}},{97,388,30219,{14637,43756,50330,5240,20270,59959,60900,5240,12755,12755,50330,57845,57613,53385,7354,29899,9468,14869,55499,53385,50330,57845,57845,59959,9468,12755,59727,52444,5240,57845,9468,12755,29899,50330,57845,59727,52212,23093,30608,44929,7354,29899,1953,59959,28726,57845,54326,32954,54326,57845,50330,12755,54326,44929,7354,29899,1953,59959,28726,57845,23093,30608,5240,42815,1953,24498,12755,59959,23325}},{349,326,63600,{38720,62459,36503,28590,24156,53591,52636,44723,27942,28590,22894,36503,44723,44723,27942,27942,38720,52636,52329,5158,53591,22894,7068,33024,40937,43461,28590,12764,60242,22894,41244,35548,14981,22894,22894,28590,44416,40937,52636,20677,33024,22894,44416,40937,62459,14981,22894,52636,62459,22894,7068,33024,40937,20984,50419,7068,56763,14981,44416,28590,48850,48850,28590,36503,44723,27942,35855,62459,20677}},{409,499,30356,{21745,55684,25410,5300,55902,25628,10273,10273,25628,40765,21745,60657,45738,25628,20437,21745,25410,25628,60657,45520,25410,20437,21745,25628,20437,40765,27154,42291,30601,10491,21745,30601,20437,55684,45520,60657,6390,26064,25628,50493,16118,5300,40765,25628,21745,41419,41419,21745,51365,20437,45520,35574,6390,26064,25628,50493,16118}},{403,501,1643,{62096,51887,64728,13683,8419,30472,60780,37730,64728,49255,10054,62734,62734,24889,23573,50571,51887,64728,44310,49255,30472,9735,30472,49255,62096,60780,30472,24889,23573,50571,51887,64728,44310,49255,10054,62734,62734,8100,9416,51887,13364,60780,64728,7103,23573,50571,51887,64728,55835,32785,2158,14999,10054,62734,64728,49255,51887,10054,64728,49255,51887,14999,14999,10054,10054,23573,2158,26205,13683,32785,49255,9416}},{282,84,30974,{25313,44421,25203,28027,22544,3436,22544,38828,63419,8919,28027,28027,3436,41652,44421,55167,49849,25313,28027,41652,44421,58046,8919,28027,55167,58046,28027,55332,25313,44421,44256,11468,55332,17116,8919,41652,3436,63529,63529,3436,22544,36059,38718,57826,58046,49849,11468,58046,28027,55332,25313,44421,6040,41597,3436}},{384,212,20259,{41804,4983,37412,45685,33020,55132,15452,15452,55132,45174,50077,26943,62742,8864,34705,33020,41804,4983,37412,45685,33020,8864,17648,55132,39608,60546,33020,50077,6157,18822,18822,47881,20355,55132,7690,9886,47881,45685,33020,49566,50077,55132,39608,60546,33020,50077,6157,18822,18822,18822,7690,9886,47881,45685,33020,49566,50077,55132,15452,55132,20355,18159,9886,52273,33020,6157,18822,18822,18822,26943,24747}},{316,312,2089,{55330,2449,9757,7436,2794,65304,12423,55330,7436,53009,38048,46046,63673,41404,23777,23777,7436,35037,55330,41404,23777,7436,35037,55330,41404,7436,35037,55330,63673,63673,41404,41404,65304,52664,37703,2449,65304,36072,42690,65304,12423,55330,7436,63328,52664,35037,35037,7436,37703,9757,12423,52664,35037,41404,42690,65304,12423,55330,7436,63328,52664,35037,35037,7436,37703,9757,12423,52664,35037,36072,23087,36072}},{313,782,8280,{1872,59282,27661,1872,10347,44611,1872,35954,50443,15997,1872,55911,55911,1872,44611,5061,13536,33129,10347,10347,1872,21829,15997,53632,24654,38779,10347,21829,15997,27479,33129,10347,53632,10893,25382,2600,27479,24654,2418,10347,33129,15997,2418,4697,2418,33129,35954,2418,10347,33129,15997,2418,4697,59282,47618,41786,35954,1872,10347,15997,2418,15997,4697,1872}},{238,846,23310,{50676,20791,19082,27939,27939,47154,2869,29440,8204,64868,38401,41819,50676,50676,64868,17061,63055,29440,41819,50676,52593,29544,29440,6391,17061,41819,50676,50676,64868,17061,63055,15456,6599,20791,19082,27939,27939,15248,64868,63055,54198,15248,50676,20791,19082,27939,64868,50676,8204,19082,27939,29440,56011,20791,47154,2869,29440,8204,64868,63159,50676,20791,34775,50676,8204,20791,8204,27835,24209,41819,17061}},{283,349,15232,{62922,64320,54805,64320,62922,24277,45561,5518,38571,29327,16160,62922,5518,62922,21481,29598,45561,5518,1053,29598,16160,45561,22879,63778,51738,51738,64320,34919,21481,62922,64320,1053,5518,34919,34919,29598,1053,22608,1053,33521,38571,6645,34919,21481,62922,64320,54805,64320,62922,24277,45561,5518,38571,29327,16160,62922,5518,62922,21481,29598,45561,5518,52009,65447,28200,22879,33521}},{169,557,37553,{13745,57870,41136,61117,15577,19323,37889,57870,52292,23486,4004,15160,53707,35558,6752,29064,26733,46714,57870,23486,56954,46714,46714,15577,16992,29064,41136,15577,15160,23985,59784,39803,39803,57870,63448,40719,41136,46714,46714,15577,40719,15577,37889,43467,26733,59784,39803,39803,39803,41136,46714,46714,15577,58369,19323,13745,41136,29064}},{344,637,27999,{31601,18267,17923,17118,17923,56315,2174,2174,26888,8497,59879,48499,56315,11600,31601,18267,17923,19877,17923,31257,56315,2174,2174,26888,8497,59879,48499,56315,11600,31601,18267,8497,25739}},{479,318,41120,{60345,60345,24659,1110,36651,18808,6671,60345,54349,43517,1690,43517,54494,36651,6671,31090,820,6816,60490,36651,7106,36506,36651,36651,60490,49368,25529,25529,43807,2125,2125,36651,18663,60490,43807,2125,36651,18663,60490,43807,36651,18663,60490,25529,43807,6671,965,42647,820,36651,37376,6816,18663,30510,36651,54349,6671,49368,48498,19533,43517,54494,820,6816,60490,36651,60925,60345,18663}},{174,282,46344,{23168,36346,10154,36223,23209,36264,23168,36838,23988,23988,23988,23701,23701,50016,36674,36674,36674,36674,36674,36674,36674,36674,36674,36674,36674,36674,36674,36674,36674,36674,36674,36674,36674,36674,36674,36674,36674,36674,36674,36674,36674,36674,36674,36674,36674,36674,36674,36674,36674,36674,36674,36674}},{469,606,1229,{45252,45252,45252,45252,45252,45252,45252,45252,45252,45252,45252,45252,45252,45252,45252,45252,45252,45252,45252,45252,45252,45252,45252,45252,45252,45252,45252,45252,45252,45252,45252,45252,45252}},{325,559,31626,{28277,28277,28277,28277,28277,28277,56836,7688,7688,27815,44188,10489,62438,19383,60099,32955,26400,51205,17044,12828,60099,10489,62438,27815,60099,48866,24061,10489,51205,12828,34832,5811,1595,24061,10489,51205,12828,27815,64777,15167,64777,12828,5811,48866,27815,5349,44188,26400,64777,12828,10489,48866,27815,64777,15167}},{251,671,54066,{33592,5742,30366,4129,12480,10724,61442,20545,12337,50008,5742,30366,20545,5742,43413,61442,30366,23914,35491,43556,43556,12480,56603,56603}},{243,393,18703,{31082,31082,31082,31082,31082,31082,31082,31082,31082,31082,31082,31082,31082,31082,31082,31082,31082,31082,31082,31082,31082,31082,31082,31082,31082,31082,31082,31082,31082}},{476,555,26197,{61345,61345,61345,61345,61345,61345,61345,61345,61345,61345,61345,61345,61345,61345,61345,61345,61345,61345,61345,61345,61345,61345,61345,61345,61345,61345,61345,61345,61345,61345,61345,61345,61345,61345,61345,61345,61345,61345,61345,61345,61345}},{451,429,7172,{48998,48998,48998,48998,48998,43544,27045,31220,14520,33577,27045,30480,14520,31220,7988,18695,22870,41927,34116,31220,43745,43544,43544,27045,31220,14520,33577,27045,30480,18695,39570,7988,14520,16338,22870,31220,7988}},{155,512,48046,{22329,33491,22299,49471,17511,38279,49471,39895,63850,55860,57461,15910,65451,36693,12708,30289,38279,49471,47870,20728,28718,43112,35122,39880,63850,33491,17511,39880,22329,33491,63850,55860}},{95,170,7343,{37143,24062,54623,15032,15264,50340,2183,58442,41194,58442,54391,45941,2299,19779,15264,45941,50224,19663,41078,45941,19663,6698,1719,27881,1951,50340,15264,28461,19663,27881,19199,1487,49528,50224,63421,45941,37143,24062,54623,15032,15264,50340,2183,41078,32628,24062,59138,19663,58442,41194,58442,2067}},{238,296,59181,{29216,60602,32120,26343,54825,57760,23563,26436,32027,40584,54825,9260,37742,3545,23470,40584,3545,23470,40584,3545,23470,26343,63382,40584,57667,49079,23439,37804,17879,57760,49203,60602,9322}},{453,721,23158,{5625,11476,43184,5509,47394,7614,11476,7498,57107,65063,43184,49151,37217,51140,5509,5625,49151,55118,49151,43184,37449,9719,17559,9719,51140,47394,5625,11476,43184,5509}},{434,746,4619,{42493,62111,37,26705,46323,6704,13371,52607,38124,39273,33372,45940,56976,45174,39273,33372,26322,46323,59657,4023,24790,4023,58508,12988,38124,26705,46323,6704,13371,52607,13754,42493,42493,62111,20038,26705,37,39273,20038}},{401,189,57906,{7422,39791,9487,4987,54943,13574,25052,4987,9900,4574,4987,7422,53704,7422,38965,9900,20139,35291,9487,9900,39791,4574,22987,9900,4574,15226,63117,37726,24226,38965,13574,25052,4987,9900,4574,4987,37726,12748,1683,52052,39791,9487,4987,54943,13574,25052,4987,9900,4574,4987,22987,13574,25052,4987,9900,4574,4987,44291}},{450,671,33936,{58001,9341,59283,61206,28125,63965,52232,63965,56078,4213,59283,59924,33448,43704,58642,28766,65247,1008,367,63965,2290,49027,27679,43899,25561,58001,44345,9341,20433}},{487,210,57985,{41255,57557,35821,52436,57557,15650,3843,30700,57557,52436,35821,2904,5095,31639,5095,41568,41255,35821,57870,8651,63304,64243,30700,57557,47002,16589,16589,11155,24953,41255,41568,30700,24953,5095,41568,30700,57557,47002,20145,2904,57557,41255,19519,52436}},{415,106,36565,{14494,18877,14494,22950,8208,4445,43005,31096,8208,42695,54294,30166,8208,54294,27643,60890,26093,27023,22950,15424,43005,31406,46768,23570,54294,26093,33929,17947,44908,42695,31096,31406,15734,15424,43005,31406,46768,23570,54294,30166,53674,46768,62130,46768,31406,14494,18877,14494,8208,30166,53984,17947,44908,42695,31096,31406,15734,15424,43005,31406,46768,23570,54294,30166,53984,38932,11971,42695,23570,8208,54294,4445}},{374,55,50594,{9504,39734,52854,39734,40647,50115,65478,58749,23954,24867,43386,42473,59662,24867,5435,1366,28023,21215,27110,24867,23954,20798,9504,55593,23954,24867,28023,20798,58749,48368,39734,52854,39734,56010,21215,48785,50115,65478,58749,23954,24867,43386,42473,59662,24867,5435,1366,28023,21215,23041,23954,24867,28023,20798,59662,39734,52854,39734,58749}},{19,403,21316,{32841,38131,14930,64581,9640,3517,41380,16971,25510,42963,42963,48253,48711,32841,30800,41380,48711,57625,6391,64581,6391,48711,20220,21428,41380}},{345,587,64950,{2983,28916,2065,22146,32588,22146,5278,41194,40735,27539,16179,41194,55308,28916,33965,41194,28916,53472,47620,61275,56685,28916,40276,27539,31211,16179,2983,28916,2065,61275,34424,50374,63570,27539,41653,27539,2065,28916,31211,16179,2983,28916,2065,33965,4360,41653}},{494,525,18074,{50271,41364,2738,5678,2738,53298,8647,5620,35397,38453,8676,26461,41364,11558,62292,47389,26548,2738,17612,38453,20581,26548,2738,56325,26548,2738,29517,2709,53356,2767,11703,38366,5620,38366,44333,41364,2680,11587,2651,41364,44333,8676,32457,17525,47302,5620,38366,5620,17525,26461,2738,5678,2738,53298,8647,5620,35397,38453,8676,26461,41364,11558,62292,56325,26548,2738,47389,38453,26548,2738,56325,26548,2738,20581,53356}},{35,566,14288,{9500,54188,55605,23005,55605,19983,5194,8537,52904,8216,5194,19983,38757,62291,52904,29049,64671,46860,13939,16961,10917,61649,49882,44159,13939,52904,61649,34772,37794,52904,13939,5194,61649,29049,28728,9179,23647,9179,35735,9500,54188,55605,23005,55605,19983,5194,8537,52904,8216,5194,19983,38757,14581,16961,61649}},{341,646,33657,{31732,13826,30928,13826,30453,60491,86,52817,63524,31732,18467,31732,51867,61295,1365,38602,27895,61295,51867,60491,46751,61295,54425,31732,57458,18467,33011,61295,13826,30928,13826,28370,61770,52817,63524,31732,18467,31732,51867,61295,1365,38602,27895,61295,51867,60491,46751,61295,54425,31732}},{112,593,40442,{47452,50608,26567,50608,9128,28435,50898,64891,50898,20754,10207,53265,49320,19466,3315,2526,3315,26567,14152,54054,25778,55632,14152,26567,10207,30802,14152,57210,3315,19176,53265,26567,2526,8339,20754,56421,14152,20754,3315,50898,64891,50898,41639,20754,33169,56421,10207}},{476,211,31652,{27488,19272,44777,42856,29409,1983,39014,21193,52993,7214,23114,19272,7214,42856,41999,23646,19272,3372,42856,24710,40610,42856,21193,42856,39014,19272,23646,17351,1451,19272,39014,41999,27488,19272,44777,42856,2515,62,2515,36236,43388,28877,58756,42856,19272,23114,2515,35704,56835,7214,3372,21193,52993,26956,9135,17351,42856}},{326,719,64801,{9789,10335,10244,3146,7696,9425,9607,9789,10699,10790,10608,11245,3146,6422,9061,10790,9061,3328,1144,1053,10790,9789,10790,10062,9425,7150,9061,9152,9425,10062,4420,7514,9061,10608,9425,10244,10790}},{290,49,32662,{20910,48515,20910,5610,64479,43193,3947,2284,25233,45189,28559,62816,26896,11265,11265,55500,5610,64479,43193,3947,2284,25233,23903,64479,59490,20910,48515,20910,41863,43193,18581,39867,28559,43193,5610,48182,56830,43193,48182,38204,60156,63482,13925,48182,59490,39867,23903,64479,59490,63482,15921,11265,55500,5610,64479,43193,3947,2284,25233,23903,64479,59490,56830,58160,2284,36541,48182,20910,48515,20910,35211,954}},{477,278,6371,{50294,22074,45193,7892,15019,12993,17045,50222,52248,22002,41141,14947,45193,31083,22002,41141,59303,22002,41141,52248,24028,59303,43167,65309,6843,27103,7964,15019,5938,50294,64404,63355}},{363,717,37585,{53641,49947,22079,15404,53641,37439,12423,628,12423,53641,24931,13265,59603,13265,27912,64010,12423,61742,5877,22079,24931,28625,21237,46382,13978,30180,13265,42688,5877,30180,13265,13978,30180,13265,63297,5877,9571,36855,8145}},{48,144,42777,{7685,50125,24748,18295,28905,43672,22017,50125,16434,38645,22017,22452,7685,14138,43672,60735,50125,5824,24748,33062,47394,50125,39515,50125,60735,34488,10972,26174,10972,24748,38645,22017,42367,16990,7685,50125,24748,18295,28905,43672,22017,50125,16434,38645,58004,50125,24748,45968,10972,26174,10972,32627,24748,5824,64892,38645,58004,50125,24748,45968,38645,47394,50125,33062,58439,42367,16990,7685,50125}},{268,52,584,{39536,11712,22146,15190,17546,43014,8795,13507,14629,8234,8795,60404,11151,22146,15751,8234,30336,156,30336,23941,23941,19341,15863,1278,43014,39536,11712}},{140,185,10455,{50495,38851,20000,19906,6783,34602,59275,27207,6783,49016,25822,19906,2440,19906,37372,63712,18615,56411,18615,14084,34602,59275,21573,15751,15563,19906,14084,33029,50495,38851,20000,19906,6783,34602,59275,27207,6783,49016,17042,14178,2440,50495,38851,14084,8262,27207,14084,49016,18615,56411,18615,37466,14084,54838,8262,34602,59275,27207,6783,49016,17042,14178,2440,50495,38851,14084,8262}},{354,868,62211,{38538,31590,26958,15477,57838,38538,37766,26958,43269,44041,40082,30818,31590,37766,35450,36994,37,30818,23870,15477,51662,38538,23870,26958,47802,809,33134,35450,36994,31590,32362,38538,31590,26958,26285,3897,26285,63242}},{71,691,1572,{17202,9908,18244,18369,44294,26580,6782,10950,39084,64092,19286,22412,24496,17202,18244,26580,17202,10950,18369,44294,16160,15118,55881,56923,28664,16160,17202,25538,22412,24496,63050,16160,6782,18369,51588,9908,19286,10950,22412,52630,22412,17202,26580,32957,2739,32957,10950,13034,9908,26580,55881,56923,28664,16160,17202,25538,22412,24496,63050,16160}},{473,126,17049,{13847,11422,41329,43558,33589,65333,61463,37459,33589,13847,45591,11618,27686,17521,19750,49461,37655,53527,57005,23424,57005,25653,65333,43558,53527,33589,35034,42970,49461,19750,27686,25653,1845,17717,49265}},{276,682,41786,{64494,47376,57082,57935,4679,25601,21797,17993,12287,64494,4679,19895,17993,58788,50327,17993,47376,54984,18189,28552,18189,14385,17140,64494,875,16091,10385,14189,53082,58788,25601,54984,10385,64494,875,18189,56886,54984,58788,10385,875,14189,18189,2777,25601,54984,58788,10385,47376,18189,64494,53082,54984,62592,53082,54984,55180,10385,875,62592,53082,54984,18189,16091,10385}},{384,762,16433,{55674,24311,32074,2573,2573,2573,46978,4746,46667,8474,29590,5990,13753,19032,37353,15926,29590,45427,2573,47600,55674,45427,16548,65299,28968,65299,46978}},{118,123,63824,{18419,27724,47222,61469,24056,43554,2975,10002,48998,49693,24056,45137,46527,38805,34944,31083,22473,43554,57608,57415,16141,57415,61469,24056,43554,2975,10002,48998,30195,34944,31083,41971,27724,27724,47222,17029,24056,61469,34944,17029,57415}},{399,418,25032,{23234,31555,57476,28592,31555,18355,35955,10034,18355,51550,54992,51550,2192,35955,13955,9555,27634,35955,18834,10034,55471,35955,10034,61876,16350,42750,14913,2192,28592}},{364,275,46268,{3403,13102,170,36594,13102,16546,39177,4475,1242,26895,3403,32500,57714,3403,13102,170,36594,13102,55342,57714,3403,13102,170,36594,13102,40688,23662,33361,49526,22801}},{41,830,50112,{10667,28662,23164,28662,32170,42171,39675,41176,1155,25171,38174,12168,31664,34666,33165,28662,4157,15659,53167,3651,20668,9166,61684,58176,9166,26672,25171,38174,26672,1155,46674,36673,26672,38174,25171,60183,28662,23164,28662,4663,9166,25171,22169,39675,6164,8660,9166,61684,53167,53167,3651}},{39,297,39823,{54033,57345,44097,41889,54033,35650,42993,57345,1760,26433,62865,60657,57345,52929,46305,35650,2145,35650,15393,56241,61761,62865,41889,56241,44097,46305,51106,56241,46305,656,44482,37858,28641,15393,26433,62865,60657,57345,52929,46305,37858,45586,11362,10258,42993,57345,1760,26433,62865,60657,57345,52929,46305}},{432,869,52957,{33740,47179,16056,4776,16056,27336,46621,24619,46621,12296,33740,39659,29422,25662,32697,16056,49896,41818,34856,27336,16056,1016,43977,33740,45578,55257,59017,36457,1016,12296,43977,31096,31096,46621,24619,46621,45020,29422,25662,32697,16056,49896,41818}},{57,436,44684,{60006,22043,63380,52975,4607,41721,42287,22043,59723,11638,8264,49601,59723,22043,4607,11638,32165,56632,38064,31599,38064,14163,41721,48752,13597,27376,45944,63380,4890,56066,60006,22043,63380,52975,4607,41721,31882,59723,22043,4607,11638,60006,38064,31599,38064,32165,63380,11638,56349,15012,42570,28225,63380,4890,13597}},{399,317,30580,{12854,4200,9173,35135,62329,45021,9173,6679,53675,21538,12884,12884,35135,26481,47485,35135,26481,12884,45021,48732,26481,14116,61097,6679,61082,6679,33888,26481,4230,12884,45021,26481,62329,14116,62314,26481,14116,38846,10390,23987,7926,61097,45021,17827,14116,23987,19044,12854,4200,53675,21538,12884,12884,35135,26481,47485,35135,26481,12884,45021,48732,26481,14116,61097,62314,54907,48732,64808,14116,6679}},{167,221,3904,{2416,1023,37459,20827,33901,6981,10925,37845,251,60821,5202,12704,17655,51305,1023,44575,10925,62986,51305,1023,24385,51305,1023,4195,49526,5974,18041,24771,15490,18662,25392,25392,59042,251,27557,59042,251,25392,22220,33901,251,60821,38852,37845,5588,59042,32122,33901,25392,33901,59042,251,1023,2416,1023,37459,20827,33901,6981}},{333,99,2935,{6048,55585,49245,13281,19688,31609,63577,47593,65162,2052,6048,47593,65162,63577,47593,65162,6048,63577,14040,35605,42771,38775,1293,11696,7700,7700,53241,49245,8459,53241,49245,7700,62818,29265,49245,13281,65229,55585,4463,62818,5289,37257,21273,65229,53241,11696,49245,9285,10870,65229,62818,49245,3704,57237,62818,65229,13281,49245,5289,27680,65162,50004,65162,2052,42771,38775}},{213,157,55748,{13702,33721,15425,15425,54987,36691,36215,54987,36691,15425,60927,10732,36691,3069,44354,45125,11979,60927,44354,3069,36691,15425,51065,57481,51065,31998,54987,36691,21365,10732,39661,36215,60927,44354,50294,41679,41679,23383,99,54987,31998,60927,99,51065}},{428,347,52015,{34867,49217,753,10048,48630,45923,52511,35454,49217,25931,19930,25931,51337,753,62980,49217,48630,753,21104,59099,29812,753,59099,7928,46869,63926,17223,51337,10048,4047,62980,49217,10048,48630,45923,52511,35454,49217,63926,33106,1112,14875,34867,49217,753,10048,48630,45923,52511,35454,49217,29812,27105,4047,28279,28279,54631,4047,11222,59099,21104,49217,4047,52511,753}},{56,749,5104,{60070,23959,60070,11738,55577,3933,16154,22303,51161,55025,42252,42252,37836,55025,16706,28375,15050,30031,55025,29479,55577,22303,64486,29479,16706,55025,4485,29479,55577,30031,1725,42252,44537,5114,41148,30031,55577,25615,1725,30583,29479,3933,30031,22303,64486}},{134,97,55833,{48125,37162,4530,51608,48125,29939,8013,55605,59088,63342,59088,4530,33679,29939,11753,62828,29939,8013,52893,56119,52893,5044,29939,26199,11753,45413,59602,48125,37162,4530,51608,48125,29939,8013,55605,59088,63342,59088,4530,33679,29939,11753,62828,29939,8013,45413,34193,62828,29939,8013,62828,37162,45927,27741,8270,8013,29939,1304,55605,33422,48125,26199}},{324,133,62880,{23322,57906,37364,27093,36843,36843,53093,3822,46593,12406,41135,12406,53614,63885,53093,572,57906,3822,40093,33072,38406,64406,51406,12406,2135,5385,41656}},{271,458,45435,{3533,1566,45587,15472,3670,2313,43620,25307,5637,17439,15472,8824,10181,43620,11538,51488,3670,15472,46807,38329,46807,45587,17439,15472,15472,5637,3670,50131,5637,3670,15472,43620,59356,3670,51488,11538,3533,3533,1566,65257,5637,47554,43620,65257,46807,53455,17439,3670,47554,15472,59356,5637,3670,46807,47554,46197,47554,15472,59356,5637,3670,48164,15472}},{9,641,38677,{6997,4688,12811,16687,12811,8564,62457,61859,7966,5059,7966,10873,8564,62457,1183,7966,14749,63797,10873,30851,7966,5059,7966,10873,5657,41139,40170,40170,5059,7966,61859,59921,5059,62457,60890,12811,6997,62457,25037,62457,36665,6997,11842,12811,59921,6997,61859,63797,10502,6997,63797,15718,4688,64395,47324,63797,16687,12811,29882,13780,12811,12811,7966,6997,64395,5657}},{259,103,50826,{58325,47954,47954,53679,43794,47089,38555,29156,60755,40499,19271,24403,63078,24403,49898,4633,60755,36718,14518,38555,47089,19271,9386,41850,59297,17813,24403,4147,24889,59297,17813,24403,4147,17813,24403,59297,52221,58325,47954,47954}},{22,539,33192,{42540,14221,45501,29709,34644,25913,59167,61141,60154,46488,62128,30848,45501,10273,51271,62128,12247,62128,46488,47323,59015,17030,59015,59167,62128,12247,62128,46488,20826,4199,4199,42540,14221,45501,29709,6325,26900,15208,14221,59015,17030,59015,14221,15208,14221,20826,4199,4199,42540,14221,45501,29709,35631,62128}},{149,706,13530,{19878,34958,20401,49607,20401,19878,11907,6706,52469,6275,6275,55239,34958,19878,11907,63733,62779,23171,34958,64687,551,58532,551,8091,46314,20401,49607,20401,19878,11907,63733,52469,6275,6275,55239,34958,19878,11907,63733,62779,23171,34958,17539,50992,50038,62779,20401,49607,20401,19447,46314,52469,6275,6275,55239,34958,19878,11907,9999,9045,8091,62779,19878,34958,20401,49607,20401,55239,15631,34958}},{416,898,19323,{2654,60410,58857,57599,60410,58857,2654,38668,51092,58857,44880,65069,34599,34599,33046,33046,55751,60410,41774,38668,55751,3244,40221,2654,58857,57599,60410,65069,58857,44880,65069,3244,48281,3244,1396,58857,1101,2654,38668,58857,41774,44880,24986,58857,44880,7313,15668,6350,20032,1396,57599,60410,65069,58857,44880}},{181,674,42729,{38024,16222,39424,48994,17599,17599,59872,35293,43486,3921,9360,38024,43486,23015,38024,65357,3921,9360,38024,43486,23015,38024,16199,28477,57141,17553,1167,3898,18953,12114,18953,44863,35316,17553,12091,65357,43486,23015,63957,8029,62626,2567,18953,54433,39424,48994,17599,17599,59872,35293,43486,3921,9360,38024,43486,23015,38024,65357,18930,28477,38024}},{68,286,13951,{35893,7775,10870,33061,37100,33061,1585,10870,7775,43553,43553,32117,32117,50424,59028,1585,10870,7775,62123,23513,19211,22306,64955,35893,63067,7775,10870,35893,53519,2792,40195,19211,7775,7775,35893,13021,10870,59028,47329,22306,7775,13021,10870,16116,19211,7775,59028,4943,43553,32117,32117,32117,55670,2792,40195,53519,35893,55670,10870,35893}},{382,806,47921,{52970,22808,4410,32383,12481,2906,717,23184,41582,41582,32383,62921,32383,47840,38641,24997,32383,41582,23184,52970,37513,24997,50029,59228,12481,2906,48216,19115,16550,29066,13609,54098,57415,38641,10668,32383,35324,25373,38641,19867,38641,57415,56287,2906,53346}},{17,848,20730,{744,4973,60895,51296,18447,47421,18270,60895,8848,60895,47421,41697,25843,58692,47244,8848,14572,37822,8494,25843,12192,60364,60364,18447,43546,1098,25843,25843,12192,60364,60364,8848,8494,31921,16598,43546,47067,60718,60895,33947,64770,18447,43369}},{402,458,14921,{3612,51880,60557,3612,63846,20764,13984,26051,26051,3612,27746,19170,18968,57066,7103,26051,27746,19170,20865,13984,26051,18968,6901,53373,65440,65440,65440,51880,63846,20764,43304,3612,51880,19170,3612,18968,39813,19170,26051,36221,49983,12188,48490,3612,3612,26051,13883,26051,57066,13984,12087,26051,3612,48490,18968,53474,12087,29340,6901,36221,49983,222,32831,51880,27746,62252,44999,43304,13984,7103,26051}},{115,876,41917,{39432,16956,46924,9142,46924,19185,12015,34813,6913,34813,26838,46924,9142,46924,19185,26677,17117,34652,49636,9142,1650,41822,4523,17117,19829,7235,7235,52026,34330,39432,17117,17117,19829,19829,7235,7235,19185,52026,44373,56967,19185,34330,34813,14244,44373,34330,19829,7235,52026,34330,39432,19829,19829,7235,9142,46924,26838,1650,9142,34813,52026,29228}},{126,857,15368,{33104,36745,4300,47506,19495,7229,19495,61196,43946,61196,4300,17990,40305,47506,36745,4300,47506,27408,5093,15142,9365,1452,8653,52571}},{289,430,50741,{42554,39043,61634,32451,42554,32451,36658,24733,39043,30066,43117,13934,43117,6779,49146,22348,21089,6779,43117,45502,44939,25296,64019,29503,19963,24733,39043,51531,19963,19963,24733,39043,51531,10423,19963,61071,24733,39043,30066,43117,13934,43117,6779,49146,22348,21089,6779,43117,45502,44939,25296,64019,29503,19963,24733,39043,51531,15193,19963,24733,39043,17578,15193,46761,61071,61071,65278,33710,13934,43117,57427}},{165,823,43935,{55299,62083,44994,36407,26961,52637,30224,43191,57360,44994,9271,44994,50576,65346,50576,43191,36407,22238,57360,30224,43191,57360,26102,40271,46454,37008,62684,32285,57961,53238,44994,25501,65346,53238,65346,40271,16656,44994,60623,22238,62083,22238,47914,32886}},{384,230,45586,{15194,42888,20742,59039,62730,14277,1817,43805,26267,7812,11503,18885,41031,42418,7812,11503,18885,41031,430,11503,57182,18885,41031,9199,59039,31815,59039,20742,38727,15194,42888,20742,59039,62730,14277,1817,43805,26267,38727,11503,18885,41031,42418,31345,11503,18885,41031,62260,35036,57182,57182,16111,16111,50717,49800,49800,41031,9199,59039,28124,42888,4591,8282,47966,20742,19355,17051,4591,59039,28124,41031,45192,11973}},{284,210,58899,{39367,14621,21745,44710,14621,32243,21745,37586,14621,9278,42929,46867,39555,21745,37586,39367,14621,34024,46867,46679,42929,16402,14621,42929,18183,937,34588,44710,39743,18183,34024,41148,16590,37586,42929,34400,39555,9278,3935,5716,18183,16590,3935,37586,37586,9278,42929,64489,48460,44710,14621,19964,12840,23714,48460,9278,42929,42929,18183,19964,37586,39743,50053,3935,42929,19964,37586,14621,9278}},{177,829,32823,{56278,37931,31641,30068,36358,36358,3337,49988,59947,7006,3337,22730,24828,47367,18538,18538,22207,56278,34787,24828,23255,7006,716,3337,47367,22730,36883,22730,40029,30068,36358,36358,36358,23255,31118,7006,59947,9627,47367,31118,54705,56278,22730,36883,22730,18538,31118,7006,59947,9627,47367,31118,54705,56278,12771,30068,36358,36358,36358,58374,49988,49988,31118,52084,24828,43698,54705,56278,22730}},{312,655,39084,{61072,30060,12404,55798,55798,31894,62849,23926,47830,48690,63766,65486,8793,16761,16761,16761,30977,15958,4436,6213,62849,23926,47830,48690,63766,30060,61072,30060,38085,15958,4436,6213,62849,23926,47830,48690,63766,65486,8793,16761,16761,16761}},{159,803,42134,{14590,3731,20549,48579,42973,12839,46828,42973,42973,48579,36661,5129,36661,31761,42973,24404,14590,3731,20549,48579,42973,12839,46828,42973,42973,48579,57334,51728,34910,28951,34557,34557,34557,7233,35616,65397,54185,9337,42973,48579,40869,65397,63646,42973,30010,36661,5129}},{120,723,18969,{47956,47994,58795,47241,60187,22026,22026,22026,40053,42951,60225,37908,34295,38623,37908,60225,4790,47956,40768,47956,47994,58795,60187,22026,22026,58795,60187,60187,22026,22026,32865,48709,32150,47956,27107,47241,47956,53752,47956,16306,10548,47956,21349,38623,16306,32150,4790,25639,42951,32150,38623,49424,27107,60225,22064,34295,38623,37908,60225,4790,63800,47956,22064,48709,47956,16306}},{369,210,53528,{63060,2374,5794,2374,62093,6761,58449,34427,2374,62093,40005,44616,25205,58449,1407,11372,34427,57482,58449,52871,62093,39262,57482,58449,62093,62093,11372,34427,2150,57482,45583,40005,44616,25205,58449,1407,45583,52871,40005,49227,20594,58449}},{442,278,10792,{16798,11686,4188,54628,64682,14327,21655,36736,24381,9045,36736,64682,36991,16798,36736,64682,36991,16798,31624,49261,49261,47045,19354,31964,36736,24381,21655,36736,26937,36736,59655,36991,36736,1717,4188,59655,31964,14327,26682,36906,44404,6659,4103,39377,36906,39462,34350,36906,39377,29323,54543,9045}},{219,235,45332,{41841,16368,15138,41841,3896,63796,41841,50094,41841,2666,45703,40082,56945,41841,2666,10747,34461,9517,40082,46232,3896,56945,44473,40082,20759,2666,34990,44473,40082,2666,2666,3896,56945,21989,44473,30070,10747,34461,9517}},{239,222,56436,{1703,21536,24904,61815,1703,51235,23101,42458,51235,1703,22863,9153,376,38852,23339,376,1703,24666,28272,376,1703,24666,28272,60726,60726,21774,21774,12283,63618,54841,42458,12283,376,22863,35246,54841,54841,1703,22863,22863,9153,376,22863,1703,49432,26469,42458,12283}},{357,880,32685,{45471,49376,40698,55885,17701,35925,9456,35925,40265,58489,40265,4683,5551,35925,65431,65431,49811,25511,59790,35057,5551,9456,45471,19870,35057,49811,34624,46774,61961,61961,61961,39830,40698,9456,59790,39830,35057,40265,10324,35925,50244,40698,38529,37661,40698,9456,51980,40698,39830,44603,45471,5551,40698,49811,9891,22474,9456,9456,4683,51980,40698,39830,44603,45471,5551,40698,9891,34624,38529}},{426,561,15842,{23310,48295,790,5294,45830,57729,41752,53225,37248,32744,45404,35209,32744,30705,30705,14728,57729,23736,35209,43791,50760,46256,1216,32744,40900,49482,53986,53986,32744,57729,37248,40900,49482,49482,53986,53986,14728,28240,15915,35209,26201,41752,41752,32744,35209,35209,15915,50760,57729,37248,15915}},{376,762,27641,{50878,8234,47832,20418,61571,29556,20418,6679,8234,5188,38758,61571,53924,61571,60144,53924,17372,8234,35648,58653,55607,55607,55607,2142,38694,35648,11280,20418,14326,32666,38694,587,37267,21973,8234,587,53924,60144,17436,60144}},{446,217,59625,{19960,42030,58977,17004,1535,30995,17004,8925,42030,15526,19171,1535,46464,1535,54443,27939,27939,27939,17004,3013,47842,19960,42030,46464,54543,30995,17004,5969,28039,44986,1535,58977,15526,47842,46464,56021,42030,18482,54443,27939,27939,27939,27939,19960,42030,46464,54543}},{365,49,35551,{26287,27461,46562,8360,25113,52432,23939,51258,9217,45388,7186,23939,27461,52432,26287,27461,64489,7186,51258,20100,52432,1316,52432,30666,20957,65029,65029,65029,65029,45388,7186,3664,51258,38027,25113,1316,27461,28635,27461,29809,52432,1316,27461}},{326,455,48660,{18792,30104,35692,38043,35249,48026,7480,18792,50377,27753,60667,14976,23494,27753,21143,18792,30104,60667,57873,18792,41416,7480,52728,870,27753,870,38043,55965,60667,38043,57873,18792,30104,55079,21143,43767,16441,50377,46118,27753,21143,18792,30104,60667,23494,18792,7480,21143,870,12182,60667,12182,21143,50377,870,23494,27753,52728,36714,60667,27753,18792,60667,23494,52728,21143,7480,34806,18792}},{139,151,10883,{34215,20699,35684,46557,3366,30103,24227,3366,64185,29808,133,28339,62716,3366,28634,57135,34805,34805,34805,58014,17761,43029,58014,57135,34805,34805,34805,34805,43029,58014,62421,35684,3071,19230,65359,16292,14823,16292,13354,34215,65359,16292,19230,62421,6304,3366,64185,23637,41560,19230,20699,65359,24227,40386,13354}},{201,651,15138,{31161,6200,31728,5633,1374,62926,31728,45059,57823,18964,32862,31161,32862,53564,52430,1374,53564,23500,59524,31161,59524,1374,19531,32862,5633,32862,44492,59524,31161,32862,6767,1374,6200,5633,5066,6200,6767,32862,1374,31728,57256,31161,57823,57256,31161,1374,31161,32862,4499,31161,20098,31728,4499,1374,43925,6200,5633,6767,31728,43925,39099,53564,52430}},{164,207,61850,{12390,32505,24152,51442,21564,54030,26740,32505,4626,53209,10391,10391,10391,18387,10623,41090,53209,10391,10391,18387,56029,28150,18387,53209,10391,10391,10391,28150,18387,10623,41090,16388,53441,5447,58617,61205}},{383,805,3498,{10985,4579,24284,889,10985,17391,60004,28948,22542,31177,50395,20594,10985,24284,14188,10985,7295,24284,889,10985,17391,60004,42247,60978,24284,10985,14188,23797,20594,50395,22542,55059,42247,22542,57775}},{165,788,50010,{12622,46711,26887,46711,3916,55172,35348,17446,3916,23985,9720,63878,46711,35348,55172,26887,46711,23985,49613,17446,18181,12622,12622,23985,12622,17446,43809,1259,12622,46711,49613,32446,17446,52515,26887,55172,26887,18181,17446,3916,55172,63878,26887,1259,12622,18181,51780,31711,37515,17446,31711,52025,23740,40662}},{186,645,32601,{42082,30580,38796,53379,44958,61595,61595,37974,19283,54611,44958,61595,37974,19283,54611,53379,53379,44958,44958,61595,52352,52352,6549,13943,2646,19283,21337,36947,4700}},{119,487,27561,{10137,41546,1127,42447,4731,7434,39744,4605,20823,2929,9236,2929,41546,4731,1127,38843,4731,45150,1127,42447,4731,7434,39744,4605,54034,39744,3830,4731,39744,2929,60215,27004,38843,7434,2028,1127,38843,4605,36140,10137,39744,2028,42447,4731,7434,39744,4605}},{155,123,22793,{35300,42682,10380,17762,17762,25144,42682,62971,61137,50064,53755,42682,35300,12214,57446,17762,10380,57446,25144,53732,50041,33420,37111,37111,64828,53755,32526,39908,64828,17739,10380,57446,50064,31609,35300,26061,35300,42682}},{289,632,21176,{14819,61042,14819,42533,43585,21657,42796,43059,64724,39640,43585,44374,59727,41218,20868,44374,22183,60779,64724,255,44111,20605,59201,58675,63935,58938,255,59464,58675,15871,14819,58675,58675,15608,60779,64724,255,44111,20605,59201,58675,58938,255,59464,37010,58675,15871,14819,58675,58675}},{436,772,46671,{40767,31170,32974,32974,56353,61765,57003,56353,47333,43725,34705,36509,30520,36509,40117,57003,4687,4687,57003,53395,53395,57003,36509,58157,63569,47333,31170,32974,32974,32974,38313,63569,47333,65373,39540,45529,36509,56353,61765,56353,1656,5264,36509,56353,45529,47333,42571,53395,48560,49137,43725,45529,40117,36509,57003,32324,63569,61765,34705,38313,63569,65373,53395,35355,57003,53395,28716,5264,40117,59961,63569,36509}},{337,784,5531,{60480,6201,6971,7279,8049,7895,60480,5277,7125,5431,5585,60480,7895,5585,8511,7895,60480,8357,6201,6971,5431,7125,8357,60480,4969,7587,5585,4969,60480,6201,7741,60480,5277,7125,6817,7279,6663,5585,7895}},{171,466,28705,{20059,82,37863,11052,20059,53389,16747,33412,37863,36619,52145,61047,11052,52145,17781,47799,46660,18920,54423,52145,32168,17676,29890,29890,29890,57840,20059,33412,21198,57840,41175,17676,29890,29890,20059,41175,32273,17676,17676,29890,29890,82,28961,44487,3394,82,11052,45626,21198,44487,44487,20059,45626,45626,61047,11052,32273,20059,44487,28961,32273}},{293,696,20871,{54525,37604,12031,54525,46256,46256,56688,10251,22846,29335,833,32895,833,44093,20683,52362,41930,41930,5159,5925,63177,10251,20683,46256,56688,27172,10251,5159,22080,21697,4776,4776,4776,12414,54525,46256,63177,12414,10251,833,22846,52362,58851,54525,47653,5542,54525,46256,12031,54525,12414,14577,56688,20683,54525,5159,34675,22463,46256,46256,44093,12031,54525,12414,14577,56688,20683}},{309,823,49260,{21745,12816,64601,21882,27926,47706,46195,29437,58420,21745,53750,58283,4987,21745,47843,23256,41525,9520,27789,11031,47706,11031,43036,64601,3750,52513,52513,21745,41525,4987,64601,3750,3750,52513,52513,23256,38503,44821,59794,27789,53750,53750,21745,59794,59794}},{140,119,30018,{59294,2314,56439,55125,59294,55125,29048,15681,30362,55125,29048,55125,39787,29048,31019,31019,55782,56439,42415,57096,59294,2314,56439,55125,59294,31019,31676,4285,29048,47241,55125,29048,15681,30362,55125,29048,55125,39787,29048,31019,31019,55782,56439,42415}},{105,377,20290,{30421,12544,2401,35084,35084,2401,4655,31548,10135,11262,22532,14643,4655,2401,31548,18024,14643,24786,43128,42001,42001,42001,19151,15770,2401,13516,14643,12389,25913,13516,14643,13516,59878,14643}},{118,165,26625,{3044,3044,14588,39123,4774,63658,52680,42583,58751,40853,50667,24402,60481,58751,18048,39123,49503,52114,60764,49503,39123,14588,29309,49503,3044,9681,60481,39123,49503,7951,48937,55574,40853,3044,60481,42583,58751,40853,50667,24402,60481,58751,47490,54127,23238,55574,60481,50667,44030,55574,60481,55574,37676,60481,3044,3044,14588,39123,4774,63658,52680,42583,58751,40853,50667,24402,60481,58751,18048,39123,28145,49503,60481,39123,55574}},{217,209,31349,{34544,7760,7760,7760,23705,8874,34103,20827,47611,59564,53367,20827,47611,20827,24146,47611,56245,56245,23705,26583,35658,29461,15953,15512,53367,53367,2677,42296,29461,14630,48052,26583,34103,62001,24587,34103,26583,23705,38536,34103,56245,62442,47611,26583,34103,17508,14630,20827,5996,56245,47611,15512,53367,53367,2677,42296,29461,14630,12193,18390,51812,20827,47611,59564,53367,20827,47611,20827,24146,47611,56245,56245,23705,26583,35658}},{40,308,10029,{45256,8605,40232,57375,57375,64666,20822,45256,37965,23285,11264,40134,18261,54912,11264,8801,52155,6044,6044,6044,42793,35502,18261,8801,54912,28211,57375,8801,54912,8801,11166,54912,25846,25846,42793,11264,16092,45256,8605,8703,25846,54912,30674,20822,45256,37965,23285,11264,18261,28309,45060,18261,11264,42793,50084,18261,25846,62203,54912,11264,18261,6436,37965,8801,1510}},{446,629,47914,{3877,28873,62428,3877,28873,28646,29781,44856,36751,29327,62428,38794,4331,28873,45310,12209,4331,28873,4331,45764,28873,3877,3877,61520,53188,12436,44856,55004,62428}},{238,651,42011,{32586,20421,26909,59990,31775,29342,2579,27720,37282,29983,20421,27720,19610,12141,11330,11330,11330,23665,21232,29983,19610,20421,18799,28531,19610,20421}},{369,65,62812,{56167,13091,39430,50459,50459,38003,19839,5956,1675,42671,17372,53313,38003,56167,39430,13091,51886,39430,39430,56167,14905,14131,53700,14905,19839,38003,53313,14905,50459,54740,39430,19839,14905,1675,39430,50459,17372,53313,38003,56167,39430,13091,51886,39430,39430,56167,12051,56167,39430,7383,3102,56167,39430,56167,13091,39430,50459,50459,38003,19839,5956,1675}},{300,518,33495,{30006,58507,43030,21264,28668,14083,14529,50211,14083,14083,28668,37410,37633,14083,13860,28668,30898,30898,45483,45483,45483,21264,65019,37633,28668,14083}},{400,253,51361,{13134,12079,7586,2038,7586,36381,2038,49860,49860,45367,17627,56463,55408,45094,30833,60956,24230,13134,34271,2038,7586,64121,24230,23175,2038,55408,57245,24230,17627,7586,57245,49860,22120,6531,2038,12861,7586,2038,13134,12079,7586,2038,7586,36381,2038,49860,49860,45367,17627,56463,55408,45094,30833,60956,24230,13134,34271,2038,7586,64121,24230,23175,2038,55408,7313,57245,27395,27395,57245}},{177,229,7692,{55076,47529,34096,34803,41873,36924,55076,53662,47529,39045,36924,43287,38108,37401,37401,37401,37401,47529,34096,34803,41873,36924,63560,35510,41873,36924,34096,46115,59318,47529,46115,34096,35510,41166,36924,36217,20663,34096,42580}},{167,797,64481,{56741,57623,52961,51008,50945,50945,50945,50945,56804,57371,57560,52394,56363,53150,52394,57308,56489,57245,56741,52394,56993,57308,52394,56993,57434,56489,56993,57560,57623,52898,56678,56741,56615,57371,56678,56741,56678,55607,56741,57686,57686,56993,57308,56867,57623,53276,55670,57560,56489}},{485,479,40211,{6641,65219,54046,63104,296,24757,47103,54046,58276,7837,23838,63104,28987,26551,35609,35609,35609,35609,35609,49218,1813,24757,6641,65219,54046,63104,296,24757,47103,54046,58276,13584,38045,24757,47103,54046,60989,23838,23240,23838,49218,1813}},{118,621,19851,{37072,61840,6145,7693,7693,7693,7693,61840,47908,63388,6145,7693,7693,7693,7693,37072,44812,63388,2511,38620,61840,22635,41716,2511,64936,52552,61840,63388,47403,41716,46360,44812,63388,46360,33976,47908,25226,23678,6145,7693,7693,7693,61840,47908,63388,6145,6145,7693,7693,7693,55648,60292,37610,63388,61840,64936,46360}},{238,247,51503,{24903,41968,24903,62403,41968,35859,35859,44707,64511,10577,18794,20687,22795,35859,41968,47446,42599,39229,47446,41968,18794,43861,39229,64511,24903,43861,35859,55663,33120,41968,49339,24903,41968,7838,16055,24903,41968,24903,62403,41968,35859,35859,44707,64511,10577,18794,20687,22795,35859,41968,47446,42599,39229,47446,41968,18794,883,43861,14578,14578,43861}},{352,752,40962,{59462,45789,24187,18427,26348,1147,59462,5461,45789,49388,1147,14828,1139,6899,6899,6899,6899,45789,24187,18427,26348,1147,55863,12667,26348,1147,24187,57309,24902,33546,11944,45066,42905,54425,33546,35707,31385,33546,54425,8345,39306,19142,1139,6899,6899,6899,6899,60908,9068,57309,5461,35707,1862,5461,14828,24187,20588,1147,5461,43628,14828,5461,43628,3308}},{491,798,65137,{63109,64474,25059,49800,28813,6290,31031,47070,16357,6290,31031,6290,44340,31031,9020,9020,64474,57137,14992,49800,46217,59014,9020,31031,32396,51677,63109,32396,31031,49800,53554,27448,6290,16357,7314,48094,48094,48094,48094,48094,3560,57649,19599,9532,25571,3560,13627,59014,3560,25571,26936,44340,45705,57137,63109,32396,31031,29666,27448,24206,27448,9020,25059}},{51,561,26421,{65267,33770,63479,32845,32845,32845,32845,33770,47392,3136,63479,32845,32845,32845,32845,65267,43139,3136,42276,34633,33770,27791,34633,33770,16758,3999,5663,38886,12505,43139,3136,12505,61014,47392,65205,30318,63479,32845,32845,32845,33770,47392,3136,63479,63479,32845,32845,32845,3999,33770,47392,3136,49919,12505,34633,25264,64404,25264,38023,42276,34633,25264}},{231,214,23760,{37059,5294,9458,15431,9367,39050,3303,37059,1312,64842,17422,17331,49005,64842,43032,37059,5294,17422,15340,37059,39050,3303,7285,47014,64842,47014,15431,5476,17422,15431,17331,7285,7285,17422,33077,27104,33077,64842,47014,39050,33077,17422,49005,37059,5294,13258,43032,45023,31086,1312,47014,15249,17422,33077,31086,49005,49005,47014,33077,33077}},{495,196,44644,{60031,17295,3624,3624,23371,19222,18814,64588,52436,19222,12738,58512,61550,64588,14257,15776,12738,23371,19222,56993,52436,15776,52436,40488,22260,37450,19222,22260,9904,38765,14461,34208,5347,22260,32893,51325,49806,49806,58512,3624,14257,58512,51325,49806,49806,49806,14257,58512,6662,56993,23575,8181,15776,64588,60031,64588,55474,52436,15776,64588,8181,6662,31374,22260,26613}},{131,234,38530,{61365,64312,56777,1085,28931,16155,26972,2726,61365,1085,44001,31225,38760,11902,2073,26972,11902,25331,21396,64312,64312,41707,13861,49242,31225,38760,26972}},{173,153,53293,{54313,51950,7337,11420,54313,11420,40778,63765,54313,34048,31685,56676,59039,43500,11420,6694,7337,63765,54313,11420,61402,59039,38774,49587,51950,43500,6694,59039,54313,11420,7337,29322,24596,11420,6694,43500,47224,7337,34048,43500,6694,51950,59039,47224,18150,27602}},{119,815,54642,{33033,45235,21361,62213,31973,26402,2263,32503,21361,3323,45765,57702,57702,7834,31443,19771,45765,57702,7834,31443,19771,45765,45765,57702,55317,15260,25607,43380,7569,32503,25342,31443,9159,32238,19506}},{170,666,60439,{59541,22152,22513,56176,59541,8086,8086,12895,26961,33214,42110,55093,31770,50645,3638,37662,42110,12895,26961,26961,22513,50645,8086,28766,8086,36218,31770,59902,59902,22513,36218,23235,41027,64350,12895,36218,8086,13978,26961,59902,31770,26961,22513,14700,14700,57620}},{87,68,63545,{23331,44055,23331,47205,50554,41336,25851,49924,21872,29200,36528,21872,22502,53273,32549,29200,5127,21872,1148,36528,59971,49924,32549,11825,41336,12455,19783,9106,41336,25851,49924,21872,29200,36528,21872,22502,53273,32549,29200,5127,21872,1148,36528,59971,49924,32549,11825,55992,5757,57882,33809,33179,10565,17263,13914,57882,7216,17263,27940,41336,17263,17263,31289,41336,23762,52643,41336,17263,17263,41336,13085,26481,29830}},{164,495,15626,{23683,27918,5028,5028,29981,53718,7091,20534,185,7091,3942,53718,33130,23683,59408,37126,52871,23683,33977,29981,40275,46573,23683,59408,16777,27918,5028,5028,5028,33977,46573,23683,37126,40275,60016,64859,46573,56020,185,18232,14236,56020,29981,7330,15930,7330,41122,60863,2487,37973}},{213,766,60942,{17169,32866,13835,28745,46989,57778,21290,32866,51110,17169,7167,39534,46989,65233,60926,13649,13649,13649,27171,63659,31292,2259,2259,38747,63659,25411,23837,34626,52870,63659,27171,32866,5593,2259,31292,5593,38747,37774,19530,60926,13649,13649,38747,5593}},{428,264,17346,{39032,48615,25887,29381,35538,4092,39032,25887,35538,4092,39032,25887,25887,42526,55637,35538,49514,48649,35538,23292,598,4092,32044,21562,28550,32909,31179,52143,48649,35538,7586,52109,48615,25887,25887,11080,598,42526,49514,11080,14540,32044,45155,4092,42526,48649,21562,598,4092,14540,18933,56502,23292,11080,35538,49514,4092,52109,48615,25887}},{128,165,52402,{35533,27557,39953,14277,1881,17818,55006,39953,60320,64745,40842,48808,14277,11620,33755,55006,29335,35533,61204,58547,58547,39953,56779,33755,52349,60320,64745,40842,48808,14277,11620,33755,55006,29335,35533,30214,27557,55006,5422,56779,33755,52349,60320,64745,40842,48808,14277,11620,33755,55006,29335,35533,42610,11620,30214,61204,55006,60320,64745,40842,48808,14277,11620,33755,55006,29335,29335,35533}},{213,604,43821,{13758,6599,26053,62159,50954,43795,17182,62159,33212,43795,62159,34924,3175,33212,26053,54378,26675,50954,43795,17182,33212,17182,27765,65272,50954,50954,43795,55000,62159,22629,6599,28698,373,373,59825,52666,50954}},{426,779,44770,{38761,35092,21679,51372,26952,6201,26952,6602,18010,6201,31022,22882,38761,59512,31022,8667,22481,51372,26952,4597,65246,3795,3795,22481,51372,26952,6201,26952,6602,30220,22481,22481,51372,63181,22481,51372,26952,55041,54239,51372,6201,59512,65246,3795,22481,51372,26551,65246,65246,3795,35092,22481,55442,47302,18812,22481,25749,47302,47302,35092,21679,31022,43232}},{438,880,32569,{2315,53808,30029,44057,12579,63901,17198,54663,21988,63901,63559,50044,63901,17198,54150,64072,40635,2315,53808,30029,30029,44057,49873,54663,12579,49018,17027,11724,21988,49018,7789,3170,49018,7789,40635,54492,7789,12579,64072,2315,59282,53808,49018,12408,54663,30029,44057,44057,7789,49873}},{349,758,2891,{15602,47286,49711,2593,62992,18435,18435,10548,52476,23693,10548,31512,15602,23693,13177,10548,18435,15602,47286,60227,47150,57734,44657,52476,62992,18435,18435,10548,52476,23693,44453,23489,15602,10548,18435,31512,18163,39127,10548,18435,31512}},{446,277,57013,{64111,64111,38320,64188,57180,53006,52336,20284,46075,60014,48162,43988,51589,11859,64111,52336,22371,26545,64111,64111,36310,51589,1424,9772,23041,48162,6345,20284,52336,1424,6345,46075,46075,48162,22371,21624,27215}},{288,314,48575,{49276,57933,9726,8481,40677,14706,40619,65345,65345,25795,9726,48031,27098,44354,43109,14706,49276,25795,59178,65345,2372,2372,28343,48147,48147,49276,27098,55501,9784,29530,40619,23305}},{472,424,353,{20334,42793,659,45206,32770,32770,36111,23675,51331,13095,64324,27016,17921,51888,32213,13095,36111,23675,23675,42793,17921,32770,4928,55229,45206,23675,17921,32770,27016,36111,23675,4928,17364,24974,12538,60983,14023,13095,64324,27016,48547,20334,25531,42793,20334,17921,42793,23675,30357,58570,23675,32770,20334,4000,32770,7898,45206,42793,44649,24974,12538,64324}},{202,883,21775,{14227,20913,187,48659,47323,27599,20245,187,54677,16902,45316,41639,187,521,41639,64706,34953,40637,62031,31610,41639,41639,3864,13559,3864,52002,14227,61363,3864,41639,31610,64706}},{196,414,14030,{15271,56050,52384,31308,12978,61542,17097,49171,56050,12978,31761,57876,65208,61542,40466,55130,4726,1060,36800,15724,56050,30388,17097,31761,45505,4726,31308,12978,61542,17097,49171,56050,12978,31761,57876,65208,61542,40466,607,65208,45505,15724,56503,4726,65208,8392,61542,56050,62462,61542,59716,31308,25802,55130,65208,13431}},{201,815,21836,{25190,10079,45354,50398,20149,15108,40322,45363,30228,25190,35266,20164,10082,15123,20161,0,10082,15123,10082,15123,10082,35284,15123,35275,45348,40307,20149,55427,20149,45348,30228,10079,10067,45363,35275,45348,40307,20149,55427,20149,45348,30228,3,45354,50398,20149,15108,40322,45363,30228}},{489,420,59554,{47321,55227,56929,9482,445,9482,445,9482,445,60882,27556,9482,42808,36022,42808,21912,36033,48452,64835,16257,13995,38284,26985,56929,42808,21912,36033,48452,37724,3267,37153,65395,23032,13995,47321,32069,47321,61442,64835,48452,38284,56358,32069,56929}},{352,319,60708,{53090,4504,36754,24325,22882,43302,20241,25346,20241,49428,54533,18199,63300,51470,16157,54533,25346,18199,62279,4504,36754,54533,23304,17178,16157,54533,15735,42281,63300,24325,22882,65342,49428,25346,23304,54533,26367,58617,18199,40239,23304,25346,20241,58617,20241,23304,55554,22882,44323,54111,19819,59216,27987,23903,56153,24924}},{105,708,11965,{16128,4579,6523,47002,62439,56492,42999,2865,43344,12470,51005,2865,25733,20131,23904,4809,18072,12355,64498,31795,43344,2865,58781,45288,39456,18187,43344,31795,27907,45288,27907,43344,29851,18072,8582,43114,2635,20016,60495,45058,31565,6523,16128,4579,6523,47002,62439,56492,42999,14299,18072,18187,43344,31795}},{143,90,51630,{29439,57636,29439,3124,18430,47693,7954,6072,29439,33736,19496,15199,18430,25142,11718,41514,50108,45811,23260,45811,50108,45811,7954,26208,42047,57353,40981,15199,58169,29439,7421,29439,5539,49042,25142,47693,57636,22727,42330,25142,12784,42047,57353}},{399,21,30903,{45761,7877,33521,2727,62322,61934,64315,36678,42604,2727,9041,14191,7877,43380,61934,24826,63927,11034,4720,11034,4720,11034,4720,11034,32745,16572,47754,55620,26819,8265,49694,61934,55620,52851,61934,63927,45761,4720,2339,24826,61934,61934,43380,17736,43380,30752,12198,7877,43380,61934}},{74,87,32980,{16194,44999,35447,37835,31865,40223,10373,26940,18582,28134,37835,10373,42462,20970,32910,26940,35298,59178,19776,13806,29328,37686,37835,13955,42462,40074,30522,40223,10373,26940,18582,28134,37835,10373,42462,20970,32910,26940,35298,11567,32910,22164,37686,40074,19776,32910,25746,26940,37835,63954,18582,19776,43805,40223}},{97,358,49189,{51709,29981,15723,64270,446,44239,4859,21833,15723,31000,51368,36091,18439,446,36432,45936,10969,61213,13685,10969,61213,10969,61213,13685,10969,33375,26587,33375,16401,2143,43561,50690,11310,45936,33375,29640}},{256,432,13323,{17567,64941,63264,7505,7505,25652,48171,48171,25293,53202,58233,41104,438,19244,7146,33019,17567,44458,7146,52843,52843,19244,64941,35055,64282}},{167,491,28131,{47006,38677,22019,549,17391,42378,55335,8878,8878,49412,22019,25536,32938,30348,6472,8878,22019,25536,38677,55335,8878,32938,13874,15169,34233,60147,17391,42378,63664,49412,60147,25536,49412,32938,50707,22203,45895,33865,49412,49412,8878,59036,8878,30348,55335,49596,8878,49412,33865,32938,11468,49596,38861}},{493,23,8631,{53549,34229,54961,23343,3317,25795,34229,38799,51097,58825,54961,21058,36514,37220,33356,17194,48812,25795,64268,23343,38799,64974,37220,53549,34229,54961,23343,3317,25795,34229,38799,51097,58825,54961,21058,48106,58825,64974,48812,11045,37220,58825,41084,54961,25795,44242,54961,29659,53549,5602,36514,58825,19479,48812,14203,8760,48106,58825,3317,35808}},{121,693,57295,{53750,42790,27951,57629,22017,20647,21332,20647,21332,20647,21332,20647,38226,23841,38226,51695,15167,10372,28636,24526,22017,38226,59915,43706,9002,28636,58314,59684,53750,57629,28636,27266,9002,22017,20647,53750,36856,36171,38226,59915,43706,49640,53750}},{316,90,41800,{29697,45154,22253,45154,15320,57940,28106,54189,32368,11058,57940,22253,28106,45665,33390,29128,57940,5205,19582,11058,57940,61633,21173,54189,62202,11058,26515,40892,55780,19582,57940,11058,62202,9467,30208,27026,55780,5716,15320,22253,5205,57940,30777,26515,28106,4125,5205,22253,45154,26515,45154,5205,943,55780,38221,42994,7307,20093,51518,7307,37141,64304,47256,64304,47256,40892,55780,5716,15320,22253,5205,57940,30777}},{83,552,64256,{64205,31574,5521,963,51049,31574,42969,16398,1481,5780,64723,60424,32092,56384,14896,59906,53328,14119,62185,59906,51826,22976,10079,35873,62185,64205,24996,42969,14119,59906,62185,35873,29295,56125,55866,42969,44989,38152,22717}},{415,419,34204,{43627,18163,29034,20546,24268,42583,43627,12058,58220,20546,58220,43627,35139,16075,53454,56132,50027,9970,7587,41539,35434,33051,64620,33051,64620,49732,16075,46305,64325,12058,43627,18163,29034,20546,24268,2526,58220,5953,24268,16075,53454,7587,58515,18458,33051,39156,38112,29624}},{134,285,10714,{3522,26987,46373,10090,62475,29794,59191,29794,10090,13374,43248,29953,20260,29794,16658,13851,26987,13374,42930,49339,46691,20419,33555,33237,33555,20419,33555,29953,43407,14169,17453,3522,26987,36521,29794,39487,42930,43248,29953,20260}},{438,627,50050,{57853,13770,57925,36487,51890,36415,1844,4330,47206,25768,41243,24561,47206,25768,47206,25768,47206,42450,40108,1988,35208,36487,54304,57853,45927,57853,53097,41171,36415,18598,18526,7807,56646,36415,7879,40108,1988,14977,35280,50755,7807,36415,14977,18526,36415,4330,35208,25768,43585,1844,36415,36415,51890,17391,51890,9014,24489,36487,51890,36415,1844,4330,47206,36487,3123,25768,61474,51890,56646}},{280,333,40875,{59947,11863,63738,41428,36446,53774,45110,17927,52583,21609,12945,9263,47601,11863,42728,41428,11754,24100,41537,63738,45110,6772,59947,11863,63738,41428,36446,53774,45110,17927,13054,53774,51283,47601,11754,21609,53774,30273,45110,11863,46410,6772,21609,20527,41537}},{295,205,721,{23923,53003,37009,24650,39917,3476,51549,63908,37009,34101,11473,14381,33374,39917,26831,18743,12927,15835,9292,7111,12927,15835,12927,15835,10746,8565,12927,18016,22469,18016,5657,55184,34828,42825,25377,18743,18016,40553}},{397,439,39871,{50055,9386,3613,15417,15417,56086,17177,17177,25954,60850,45033,1102,51064,45033,36749,60850,34238,9386,34496,30976,6875,9386,22692,25954,39260,55828,9386,34496,15417,56086,17177,36256,47544,55828,22692,60850,47544,56086,25954,39260,25954,47544,50055,46793,50055,15159,25954,56086,26963,56086,17928,5373,35998,13657,27714,62610,17928,17177,36256,47544,55828,22692,60850,47544,56086,45033,6875,41771,46793,50055}},{246,620,49435,{7708,8376,22404,17561,22404,22070,13887,12885,13887,13720,16225,14889,22404,16893,14054,16559,15724,15557,13720,16225,16559,13720,13553,14054,16225,22404,15557,14722,15557,13720,15557,16893,15056,15557,12718,16225,16392,22070,26078,26245}},{158,693,57960,{13607,47793,64769,27810,39162,47689,53365,59067,7827,41987,50514,47689,47767,39188,47767,19257,13555,13607,47793,64769,27810,59119,33434,2099,59067,47767,39188,47767,27784,2099,24881,36285,27810}},{244,451,51360,{55609,29532,7795,7175,58089,11825,29532,7175,8415,52819,51579,34182,29532,29842,52509,61809,40072,51269,58089,32322,8725,28602,7175,32322,29222,52819,7795,50959,51269,52819,29222,8725,7795,30772,50339,15855,56539,15855,57779,61809,40072,51269,58089,10895,29532,50959,30152,7175,30152,29532,7795,15855,56539,15855,54059,12135,30152,51579}},{147,739,61305,{37523,17071,16698,36202,62715,51914,27297,17071,32410,6845,11010,27297,6845,11010,27297,17071,42636,52862,6845,11010,27297,57027,29566,24453,29566,24453,6472,21811,25976,15750,6472}},{449,97,7203,{43593,25182,4506,43120,10737,54827,34151,29903,34151,36889,58320,1768,43593,41610,43593,7999,61531,52562,61531,20179,43593,61531,2996,61531,20179,43593,61531,4979,61531,20179,43593,61531,13948,61531,20179,43593,61531,22917,61531,20179,43593,61531,31886,61531,20179,43593,61531,2241,61531,20179}},{499,131,65458,{38977,41057,31696,41057,51457,38977,41057,55617,41057,51457,38977,41057,56657,41057,4655,16097,15057,16097,15057,52497,52497,38977,23376,48336,41056,59776,45216,38977,56657,496,38977,15056,49376,47296,48336,52497,45216,54576,45216,58736,47296,495,38977,47296,52496,49376,60816,43136,48336,49376,54576,47296,38977,53536,41056,60816,58736,49376,64976,38977,49376,54576,49376}},{297,735,21917,{59277,54434,27086,31929,54434,14267,27086,59277,54434,9424,38766,34207,11418,9424,52440,34207,2587,27086,54434,38766,34207,59277,54434,59277}},{137,192,33126,{26400,52214,60191,17078,29806,24697,22994,25862,28103,25862,31240,25862,38052,19050,25862,24159,43699,28103,43699,26400,52214,40024,52214,19588,43699,25862,9101,24697,60191,17078,17078,26400,24697,31509,10804,26400,25862,586,52214,45402,21291,52214,47105,31509,52214,25862,31240,25862,586,43699,22994,28103,47105,7398,39755}},{62,400,51279,{18846,7087,20516,33922,45727,12120,45727,27242,35638,37308,35638,22209,45727,10404,15437,13767,10404,15437,12120,60803,13744,52384,52384,62519,42364,57486,15437,5394,15437,8734,15437,13767,10404,15437,2008,15437,8757,42364,13744,52384}},{24,362,22657,{22676,22676,49981,49660,26019,17167,38107,44044,37679,11016,37679,29148,17167,64877,58940,17167,20189,52896,17167,37679,49660,49660,37679,46959,55918,11230,44044,52896,61855,34871,61855,23104,14252,29148,64770,5293,23104,44044,61855,49660,14252,23104,20189,2271,35085,5293,25805,28827,19868,37679,16846,46959,55918,11230}},{341,508,35141,{35806,47545,36384,27246,36384,25801,14062,24934,6658,47834,62752,51880,51880,51880,57839,61018,15507,3768,13773,35806,15507,14062,25801,36095,24934,57839,25801,14062,3768,36095,47545,24645,39852,27535,39852,25223,25801,35806,36384,61018,14062,25801,36095,58417,46967,25223,61307,17241,39274,39852,49857,6658,39852,6369,39852,28113,17241,62752,51880,51880,51880,35806,25801,24934,3479,61018,2901,25801,47256,35806,61307,17241,61018,17241}},{7,774,44026,{26066,1211,24801,199,199,35869,60724,11267,24801,199,199,44407,58700,10761,35869,44660,11773,41877,34604,41877,52692,35869,3488,36375,35869,60724,52186,35869,24801,199,35869,60724,11267,24801,199,24801,199,44407,58700,10761,35869,44660,11773,41877,34604,41877,11773,3235,11773,11520,35869,10761,35869,44660,11773,24801,199,44407,58700,10761,35869,44660}},{362,435,46584,{7486,10164,48604,4981,65319,28045,24201,4981,48604,53787,65319,29384,35733,30896,24374,30896,29557,24547,45106,24547,45106,25713,25713,30896,30723,29384,48604,53787,53787,65319,30896,8825,37072,28045,7486,44760,48604,7486}},{428,373,12198,{63736,57677,4086,17332,45935,34005,34005,45935,4274,63548,17708,29638,34005,57677,21887,17332,51994,17332,64488,17332,11085,5214,17332,28886,17332,57865,57677,17708,29638,29638,27946,57677,4274,28134,27946,17332,57677,34005,34005,9957,45935,63548,17332,64488,17332,16016}},{403,390,13464,{27465,5649,22876,51539,63121,27465,47023,6778,18287,10238,27392,14754,30852,2116,43490,60717,30852,2116,64177,37699,914,914,55072,51539,57330,18287,34385,59661,5649,59661,18287,47023,60717,13625,60717,44692,9036,59661,10238,2116,51539,47023,43563,50483,27392,59588,51539,30852,43490,60717,18287,14827,14827,34385,43563,5649,43490,60717,59588,51539,38901,46950,43490,60717,10238,27465,5649,22876,51539,63121,27465}},{117,398,1886,{17974,8594,18912,17036,17835,22525,30967,21587,10331,30967,18773,18773,55216,54278,54278,23602,5780,22664,15160,23463,26416,5780,13284,23602,17835,25339,23463,25339,26277,30029,18773,55216,54278}},{201,103,17441,{55098,4525,46157,27719,18778,22407,21990,63900,13466,49230,25341,58171,25341,13466,4525,27858,25063,27858,43084,22129,25341,61105,57754,21990,4525,55098,19473,33865,39872,21990,48813,4108,27858,39872,4108,27858,39872,21990,1174,19056,4108,27858,39872,42806}},{113,128,11956,{8410,30665,8410,30665,15737,15737,42968,21820,51402,15600,8136,14356,50158,8136,42968,30391,8136,52646,51402,58866,8136,51402,52646,37855,55134,42968,30391,14356,9380,51402,14356,10624,58866,14356,42968,55134,56378,10624,14356,8410,30665,55134,53890,58866,37855,55134,42968,30391,51402,15600,46563,37855,15600,14356,55134,42968,52783,42968,47807,10624,30391,8136,37855}},{179,645,11615,{43164,26049,5335,50802,43164,5335,15472,47423,44044,50362,5335,5115,46543,2176,46763,36406,5335,63878,44044,37066,30528,40885,56900,36186,36406,2176,46763,36406,5335,63878,50802,60719,29428,49922,5335,64758,26489,64758,40005,19511,29428,53521,9374,50802,43164,5335,15472,47423,30088,50802,12753,5995,64758,30088,5995,64758,30088,50802,19731,5995,64758,30088,37066,30528,40885,56900,36186,36406,2176,46763,36406,5335,63878,50802,26269}},{198,494,63246,{17622,4633,4345,17766,4345,17622,4489,28451,16182,28451,3769,42592,4345,56877,2761,15750,4489,17334,57165,2473,42016,15750,55149,55005,28451,42016,55005,28451,42016,15750,42160,2761,55005,28451,42016,15606,1609,53997,4633,30899,43456,16614,30323,43456,17334,43744,15750,16326,30323,56589,30611,43600,57021,17622,30899,4489,4201,56157,57021,30323,4489,4633,30755,30323,57021,17334,4489,56589,17910,28451,16182,28451}},{396,573,63152,{9827,21139,18069,15884,22024,29215,27196,26145,29215,38425,59915,617,8776,3604,534,18954,23158,46667,23158,5706,534,22024,62985,617,8776,3604,534,18954,617,65087,3604,35355,38425,21139,18069,15884,22024,29215,27196,26145,29215,38425,59915,617,51756,38425,31234,18954,48686,50705,37374,38425,23158}},{318,63,20300,{30193,56495,56892,33837,29002,36687,8329,58480,7932,45960,15617,7932,50398,62124,14426,50001,50398,35425,644,49604,39069,62124,39069,16014,41522,56495,30193,56495,46754,14426,38275,29002,36687,8329,58480,7932}},{430,76,17686,{3905,25507,48376,51462,14982,38566,55815,51462,27326,1371,46005,53996,46005,26222,26222,1534,44186,44023,24240,48376,3905,25507,48376,51462,14982,38566,61987,819,60720,28593,51462,27326,46005,53996,46005,41652,41652,1534,44186,44023,24240,48376,3905,25507,48376,51462,14982,38566,29860,25507,21154,51462,60720,1371,46005,53996,46005,18068,1534,44186,1534,44186,8810,18068,21154,46005,11896,46005,53996,46005,41652,58349,46005,49091}},{282,97,22176,{17525,29432,14597,62290,65218,14532,56239,14792,26504,59232,14857,41664,41664,17525,29432,14597,14662,41404,14597,65218,8611,32620,62290,65218,14532,56239,14792,23641,14792,17525,56239,44332,23511,20518,11604,32620,17525,29432,14597,62420,17525,29432,14597,62290,65218,14532,56239,20713,14792,17720,20713,14792,23511,35613,14857,41664,41664,56239,41404,17525,35418,32620,41339,41404,23511,56239,62420,44527,32620,44527,17720,35613}},{63,403,37586,{6309,21048,41001,39392,55740,6309,21048,6309,21048,16479,34436,31218,18088,65394,37783,34436,47566,16479,22786,35916,65394,13003,8047,6309,21048,6309,21048,14612,14612,9656,9785,47566,11523,62305,14612,31218,9914,41001,41001,55740,9656,24653,1740,16479,37783,34436,45957,55740,9656,26262,3349,34436,31218,62305,9656,37783,47566,9914,41001,9656,4958,24653,54131,9914,3349,41001,16479,47566,24653,39392,6309,21048,24653,6438,65394}},{274,413,47507,{28357,39476,57102,62085,26833,58255,31816,19173,23003,394,55949,58255,39476,23003,1547,40629,39476,58255,9207,23003,57102,54425,56320,49813,56320,765,58997,50184,39476,23374,37170,58255,9207,39476,10360,9207,61303,31816,18391,31034,56320,55949,36799,9207,9207,23003,24527,23003,18020,31816,48660,23003,9207,36799,61303,765}},{443,168,58869,{36907,25954,1359,9623,42482,23068,58222,22674,44580,36907,23068,11918,60911,55533,58222,28249,17493,9032,11721,30938,965,36907,55730,22674,11918,52844,9623,42482,23068,58222,22674,44580,36907,23068,11918,60911,55533,58222,28249,9426,55533}},{327,551,14222,{21699,4630,2004,24325,9882,17760,16447,63457,41265,25638,24325,56892,60831,45075,33516,24196,64899,2004,12508,7256,21699,17760,25638,16447,3317,47830,21699,64899,16447,23012,19073,64899,21699,4630,16447,2004,30890}},{482,175,10377,{3437,21893,3437,7478,33252,63389,1909,61097,29211,65138,28447,13047,63389,9770,24949,9770,24949,34016,53015,381,4422,43626,38821,381,3658}},{361,666,36923,{1101,50834,64922,43365,1101,35896,51684,50834,59153,42515,14520,4501,14520,49315,31158,2132,64922,57453,30127,46765,1101,30127,51684,58303,27758,16889}},{308,542,9585,{35902,61919,21957,29866,1976,61461,27535,44727,47516,61461,1976,35902,27535,15921,39149,34528,29408,34528,40564,11300,34070,11300,34070,7554,4765,15921,61461,7554,34528,21957,1976,61461,27535,44727,10343,21957,10343,4765,27535,27077,10343,47516,35902,34528,29408,34528,61461,32197,23830,1976,35902,61461,21957,35902,48931,4765,23372,34528,29866,19168,35902,35902,27535,18252,27535}},{347,318,20620,{26530,22879,27407,45125,48776,41474,29841,48436,27407,24973,6378,11246,39917,45125,20445,1850,27407,39917,6718,64937,25313,45125,4284,56078,42691,62503,24096,48776,27407,18888,20445,49993,25313,27747}},{489,419,18739,{32524,34524,6517,21524,64038,43531,54031,6517,45531,42531,517,21524,44531,28524,517,64538,23024,1517,20524,517,65038,21524,54031,49531,21524,33024,32524,34524,63038,26024,517,19524,23024,34524,51531,34524,47531,28524,517,43531,31524,54031,21524,23024}},{151,305,11720,{64867,37356,55419,45384,21300,53412,45384,21300,53412,45384,21300,53412,39363,45384,21300,52115,48811,56839,36769,58846,36769,48811,46804,21300,13982,21300,62150,28031,36769,44797,57426,49398,46804,28741,64867,37356,53412,45384,21300,53412,45384,21300,53412,49398,63447,45384,21300,53412,39363,11388,39363,42667,40660,58846,54832,20713,46804,56839,36769,58846,36769,48811,46804,643,36769}},{429,367,49802,{22204,63424,57776,40857,49106,24805,59956,47793,8307,52995,26960,60823,8753,24805,35655,34788,36522,60823,36522,61690,35655,26539,36522,22204,63424,7440,30007,61690,9620,22204,49106,63424,60823,63424,37389,57776,26539}},{301,45,36409,{8939,2043,58082,58073,57211,18412,19274,18412,19274,62392,42557,33937,5491,58944,58082,59806,62392,53772,58073,57211,18412,19274,62392,49453,42557,33937,5491,58944,58082,59806,62392,53772,58073,57211,18412,19274,18412,19274,64978,62392,7215,8939,64978,64969,58082,8939,59806,3767,5491,58082,16697}},{438,546,56442,{44720,25177,44720,7698,39127,12692,6666,34133,4602,23113,20616,28107,49115,36630,21648,18119,54109,36630,12692,47650,44720,57205,44720,59702,52211,44720,33700,44720,59702,43688,36197,48249,3736,20616,23113,13125,55141,20616,44720,49115,55141,25610,60135,36630,49115,26642,44720,25177,44720,7698,39127,12692,6666,34133}},{96,314,2068,{28326,60136,51233,12421,53134,8619,20722,42330,5419,8619,20120,38528,413,44928,413,53831,27122,413,60833,413,29023,6116,4215,44326,19518,44231,20120,11819,60136,28326}},{326,231,24240,{36395,48691,36395,31189,53897,56054,52732,56054,31908,24818,36395,11084,40436,226,53897,61706,46088,5432,20331,45642,56054,48691,21496,28586,16290,61706,48691,29305,45642,56054,20331,45642,56054,22934,17728,35230,20331}},{266,63,56597,{14774,43210,10310,24818,48232,53812,23702,25097,23702,55486,56881,23144,46279,17564,46279,57997,57718,25376,23144,43210,10310,43210,10310,22586,49906,18401,57718,23144,22586,57997,23144,47395,24818,47953,46279,53533,25655,23144,23144,57160,19238,57160,56044}},{160,559,6142,{9377,6038,33518,54224,12812,19842,23277,6038,33614,54320,16407,40484,33518,61094,57659,6038,40484,19746,43855,23181,33518,5942,30115,19714,30051,16279,54224,6038,47386,19746,36985,40420,54320,16407,40484,33518,61094,57659,6038,40484,19746,43855,23181,33518,5942,64625,23181,2475,54224,36985,19714,23181,9377,33518,6038,61158,61094,19714,61222,54320,16407,47290}},{54,64,17839,{36537,45756,19469,52426,62038,52426,45756,3187,24376,13978,24376,52819,49877,52426,26139,4366,30653,3187,13192,58703,37323,50270,11036,24376,62038,39479,42421,32809,13192,62038,49484,11036,24376,50270,11036,24376,62038,39479,42421,32809,13192,62038,26532,14371,52033,14371}},{416,606,8059,{57937,13465,58124,14839,43758,52628,56563,99,61685,99,61685,46319,34514,21148,44945,56750,48880,64620,21148,24083,42384,30579,473,21148,99,61685,61685,44945,56750,48880,64620,10717,39636,10717,37075,46319,20148,46319,18774,58124,30579,21148,4221,21148,24083,16213,28018,30579,99,61685,61685}},{220,445,52122,{6308,24044,12220,35868,20088,48181,20088,48181,17643,64450,40802,13198,11242,59027,11242,28978,49648,2841,43247,2841,5330,20088,48181,3819,63428,63428,6308,24044,12220,35868,20088,48181,20088,7286,59516,5819,53115,29467,28978,11242,46714,5330,11731,48181,28978,59516,5330,34890,17154,59516,28978,17643,5330,5819,4841,2841,43247,2841,31912,20088,13687,61472,3819,63428,63428,6308,24044,12220,35868,20088,42269,20088}},{131,113,24200,{56563,27241,56961,57359,52472,42300,56961,27241,26843,57359,41902,7295,54971,418,54971,20,15079,35423,54971,24057,64347,26843,57359,1612,54971,24057,26843,57359,1612,19966,24057}}};local _MJPAiyirnoAP85wWUiP='';local _NtYmK3GuAOUMcUS97vkItr=(26*6)%466;for _,_gWZxH4m_OE2mzp in ipairs(_Y0c3gFioaU830lHJ) do local _FqzslsXqw5Lkzhe9blXA9I=_gWZxH4m_OE2mzp[1];local _tQST3nxAaExH=_gWZxH4m_OE2mzp[2];local _ZlFMmtjeUkB0p=_gWZxH4m_OE2mzp[3];local _HMnlM_uwv5d3DPP=_gWZxH4m_OE2mzp[4];for _Q9kkwwMCtrunWKfG=1,#_HMnlM_uwv5d3DPP do local _SzA0WY4ZWNZVLNOP=(_HMnlM_uwv5d3DPP[_Q9kkwwMCtrunWKfG]-_FqzslsXqw5Lkzhe9blXA9I)%65521;local _S8_1ONOQUiHmYMFP=((_SzA0WY4ZWNZVLNOP*_ZlFMmtjeUkB0p)%65521);_S8_1ONOQUiHmYMFP=(_S8_1ONOQUiHmYMFP-_tQST3nxAaExH)%65521;_MJPAiyirnoAP85wWUiP=_MJPAiyirnoAP85wWUiP..string.char(_S8_1ONOQUiHmYMFP);end;end;local _y9FbtXBmzv=474;local _fIVpWPCkbBD=(_y9FbtXBmzv*29)%387;if _fIVpWPCkbBD~=_y9FbtXBmzv then local _EhQdzvLz1mrz=_fIVpWPCkbBD+29;end;local _l7FQUzjRQs2Dnvv=368;local _OlAzB6LSCU=(_l7FQUzjRQs2Dnvv*3)%514;if _OlAzB6LSCU~=_l7FQUzjRQs2Dnvv then local _JEqQM_Pf8eNM=_OlAzB6LSCU+3;end;local _qNzxKqLHvxLtlGgY=706;local _BAHJV2dYfB8zzMs=(_qNzxKqLHvxLtlGgY*21)%267;if _BAHJV2dYfB8zzMs~=_qNzxKqLHvxLtlGgY then local _f8mLY3gfEO=_BAHJV2dYfB8zzMs+21;end;local _XVyn0sg=539;local _m5LlAFAOkzNH=(_XVyn0sg%3);local _xuyIQtSe=(_XVyn0sg-_m5LlAFAOkzNH)%86;local _DmubY8o9nAwLqv=798;local _IGYyTy5cXrV=(_DmubY8o9nAwLqv*18)%518;if _IGYyTy5cXrV~=_DmubY8o9nAwLqv then local _kvR8HTLhcEDx_nqF=_IGYyTy5cXrV+18;end;local _w7eQ3ITJ8oaMIGm=757;local _bqi4GU7iqr=(_w7eQ3ITJ8oaMIGm*25)%700;if _bqi4GU7iqr~=_w7eQ3ITJ8oaMIGm then local _Sqca5G_SHH0s9l5=_bqi4GU7iqr+25;end;local _VfPBBSa8Bf=147;local _X8HRVSosKjFykr2A=(_VfPBBSa8Bf%26);local _bSjHRYqIpd8LrQGt=(_VfPBBSa8Bf-_X8HRVSosKjFykr2A)%119;local _XGSQ8nq7gd={91,49,24};local _D1EY4ZyKmv=(_XGSQ8nq7gd[1]+_XGSQ8nq7gd[2])%679;local _ueeNpYp87ZXHwzj2=(_D1EY4ZyKmv+_XGSQ8nq7gd[3])%679;local _yp2LOGW1=297;local _r69VWAPPvjd=28;local _Hch2hQb9yVLNt=0;for _tPktTOyd=1,5 do _Hch2hQb9yVLNt=(_yp2LOGW1+_r69VWAPPvjd+_Hch2hQb9yVLNt)%846;end;local _uG4dNCGowXg=320;local _d8xdrzmxfcJxMjWI=(_uG4dNCGowXg*15)%347;if _d8xdrzmxfcJxMjWI~=_uG4dNCGowXg then local _mztf7LvGho0YvyE=_d8xdrzmxfcJxMjWI+15;end;local _Yznyo2SZw={70,91,95};local _Ucm9b_WgTqT=(_Yznyo2SZw[1]+_Yznyo2SZw[2])%576;local _bMdO_1SwpwDlZ2=(_Ucm9b_WgTqT+_Yznyo2SZw[3])%576;local _CEfWacz=671;local _hKuK1pF=(_CEfWacz+15)%231;local _raoYqtVwq=(_hKuK1pF*15)%231;local _iRRqIbFq=424;local _SlQC9FHyxtlBqvr=(_iRRqIbFq%22);local _K3l42cpW8li=(_iRRqIbFq-_SlQC9FHyxtlBqvr)%590;local _QFvI2Z437EP=173;local _aI8ebWXWx2=21;local _WCTxJJNWaoj57HM=0;for _ygbilXux=1,3 do _WCTxJJNWaoj57HM=(_QFvI2Z437EP+_aI8ebWXWx2+_WCTxJJNWaoj57HM)%741;end;local _oy_ZgigOyIcRX=565;local _mz49nc6GVY0uksMD=(_oy_ZgigOyIcRX*15)%859;if _mz49nc6GVY0uksMD~=_oy_ZgigOyIcRX then local _euXZdLm=_mz49nc6GVY0uksMD+15;end;local _bQns2sa0=637;local _qJR9f85JWsQ2=(_bQns2sa0+3)%658;local _GnZglqTpTuSm9K7=(_qJR9f85JWsQ2*3)%658;local _XFF5O5C=380;local _a2Am5K_32=(_XFF5O5C%28);local _myJj3wYHAEogV=(_XFF5O5C-_a2Am5K_32)%521;local _TJ8QZyw8qv=401;local _pyWz4W1Sx0=(_TJ8QZyw8qv%26);local _W_mUMOQg0sG=(_TJ8QZyw8qv-_pyWz4W1Sx0)%302;local _OajmtNE=516;local _vOhf_ja3aex=(_OajmtNE*14)%296;if _vOhf_ja3aex~=_OajmtNE then local _MmpH2bDU0W=_vOhf_ja3aex+14;end;local _C3KlrdDDBcKRsi=493;local _sgYgfg9IzD3LaWy=27;local _Fekc6ZM6EPRGGv=0;for _OWkSQi3d=1,4 do _Fekc6ZM6EPRGGv=(_C3KlrdDDBcKRsi+_sgYgfg9IzD3LaWy+_Fekc6ZM6EPRGGv)%288;end;local _lmtNysLfr4FkuR=293;local _Jtv0CRaCyntft=8;local _flbtODJi57a=0;for _GIyedPg4=1,4 do _flbtODJi57a=(_lmtNysLfr4FkuR+_Jtv0CRaCyntft+_flbtODJi57a)%807;end;local _DmbWY86cfy8Pjm={19,39,25};local _zi5t6mMH0=(_DmbWY86cfy8Pjm[1]+_DmbWY86cfy8Pjm[2])%635;local _EkaH2OdUK5=(_zi5t6mMH0+_DmbWY86cfy8Pjm[3])%635;local _zP40cmwJ=418;local _BeXVPl8L_=(_zP40cmwJ*10)%304;if _BeXVPl8L_~=_zP40cmwJ then local _Uw73bPahYJ=_BeXVPl8L_+10;end;local _vbDNsLc1F7y=17;local _rT1RqTzK3=(_vbDNsLc1F7y+29)%785;local _axcTgxyq=(_rT1RqTzK3*29)%785;local _YK2o023RDL4={80,60,9};local _j0ywnlnn=(_YK2o023RDL4[1]+_YK2o023RDL4[2])%843;local _KzefFXmnt_3WEfL=(_j0ywnlnn+_YK2o023RDL4[3])%843;local _scTRBpK=722;local _v7aNdLOMmSFj10=14;local _YUBpkFZp_kXgpz=0;for _VrPkT3XO=1,5 do _YUBpkFZp_kXgpz=(_scTRBpK+_v7aNdLOMmSFj10+_YUBpkFZp_kXgpz)%697;end;local _sF6EpABRXcyeR3MA=385;local _xZ6lKmrO8eIS=(_sF6EpABRXcyeR3MA+16)%121;local _tQ40Mas=(_xZ6lKmrO8eIS*16)%121;local _GWgRVL4ZnAm=875;local _aavjmv5dfv4cen=(_GWgRVL4ZnAm+29)%519;local _UbqAYqUXl1g=(_aavjmv5dfv4cen*29)%519;local _G8IirkaD_aiv1k7=801;local _F_H83Ox6vJmtpu=(_G8IirkaD_aiv1k7%25);local _qF2aSv00vz0uZOo=(_G8IirkaD_aiv1k7-_F_H83Ox6vJmtpu)%145;local _I54NPgvK={22,15,98};local _piSlwV46=(_I54NPgvK[1]+_I54NPgvK[2])%90;local _Uaf8iXMgXPrgD=(_piSlwV46+_I54NPgvK[3])%90;local _pNL2UcY4=628;local _LAcAvn7LdPUn_F3s=(_pNL2UcY4%9);local _re7kwVghbB_r=(_pNL2UcY4-_LAcAvn7LdPUn_F3s)%548;local _OW8hN8V5GAwwKn=97;local _RKbaXQq4QD=(_OW8hN8V5GAwwKn+23)%593;local _Uk809HtnuOY=(_RKbaXQq4QD*23)%593;local _GKt_rNqolzzE6bP=172;local _xIWqsX4=14;local _KhBBiEa=0;for _tXioj0mC=1,3 do _KhBBiEa=(_GKt_rNqolzzE6bP+_xIWqsX4+_KhBBiEa)%666;end;local _m67gjpdkuKBkVX0r=892;local _eKhgUhmzo=(_m67gjpdkuKBkVX0r+8)%535;local _Dvze7ZS4a8MeG=(_eKhgUhmzo*8)%535;local _qqf8QrFrZkhxZOsN=445;local _UNbQ3_xY=(_qqf8QrFrZkhxZOsN+19)%398;local _ksOL1Y760Bib3j=(_UNbQ3_xY*19)%398;local _pGjwIACCSGb=123;local _VCmOBvrGJ_=(_pGjwIACCSGb%13);local _FBQO9squ=(_pGjwIACCSGb-_VCmOBvrGJ_)%317;local _p05wwvrWRqEnrdy=318;local _YOswFY47=(_p05wwvrWRqEnrdy%27);local _UOshrSe=(_p05wwvrWRqEnrdy-_YOswFY47)%777;local _Mzyq4l3ivI={57,63,44};local _zAXFhrDqE_f=(_Mzyq4l3ivI[1]+_Mzyq4l3ivI[2])%196;local _tSRTtzJKv=(_zAXFhrDqE_f+_Mzyq4l3ivI[3])%196;local _N43HIdYs=177;local _QUfMDEXm_OOM=(_N43HIdYs%18);local _XjhpON0sFIB6lM=(_N43HIdYs-_QUfMDEXm_OOM)%113;local _fBlJUu7SAL50T88={57,33,24};local _q406WcPoNE0=(_fBlJUu7SAL50T88[1]+_fBlJUu7SAL50T88[2])%878;local _xkG_zzoxpBQ=(_q406WcPoNE0+_fBlJUu7SAL50T88[3])%878;local _w9J_n3dXBYxY=265;local _mdJTYziyB4bVJtnc=(_w9J_n3dXBYxY*8)%532;if _mdJTYziyB4bVJtnc~=_w9J_n3dXBYxY then local _UJ1BGl6OwNFBl=_mdJTYziyB4bVJtnc+8;end;local _mOZJRqq9EO1=673;local _WZNO25pXritmrj=(_mOZJRqq9EO1*31)%318;if _WZNO25pXritmrj~=_mOZJRqq9EO1 then local _Ae5NogMiuIy=_WZNO25pXritmrj+31;end;local _FZewrgHrT3MH_0_=745;local _s3sYeurEh8fw0=(_FZewrgHrT3MH_0_+27)%726;local _t7Bt2xPtmhUcs=(_s3sYeurEh8fw0*27)%726;local _Ol30xxWV4qE=634;local _alTsRmMfJl=(_Ol30xxWV4qE+2)%747;local _Ub2jU3A8TCLsLA=(_alTsRmMfJl*2)%747;local _Fmz6sES5EfX8=868;local _nnfOuZleSWv3_=(_Fmz6sES5EfX8*10)%459;if _nnfOuZleSWv3_~=_Fmz6sES5EfX8 then local _vdqwvhgIg5Fpqj=_nnfOuZleSWv3_+10;end;local _gmkswqLY={5,6,70};local _xP4pEULViuw1Ot=(_gmkswqLY[1]+_gmkswqLY[2])%343;local _YJmS6TtE3=(_xP4pEULViuw1Ot+_gmkswqLY[3])%343;local _pRVNAdh=149;local _RFcLiKIEN=(_pRVNAdh+24)%367;local _dbm2YOvwSAJ=(_RFcLiKIEN*24)%367;local _z6XhwySC=662;local _kQdWLlMgE=(_z6XhwySC*17)%347;if _kQdWLlMgE~=_z6XhwySC then local _K1FfrC1qnVfpR66=_kQdWLlMgE+17;end;local _k2bqQXLd_=793;local _acRSmW_GMQpi=(_k2bqQXLd_*17)%68;if _acRSmW_GMQpi~=_k2bqQXLd_ then local _Y6IAMWdXJigs02=_acRSmW_GMQpi+17;end;local _EpPmA5cJ78n=891;local _C6vt80ZTISB=(_EpPmA5cJ78n*11)%644;if _C6vt80ZTISB~=_EpPmA5cJ78n then local _Grl7uWwrT=_C6vt80ZTISB+11;end;local _v77e1ZSucAjW=type(_MJPAiyirnoAP85wWUiP);if _v77e1ZSucAjW=='string' then local _dlgAsEjp9UhyB=assert(loadstring(_MJPAiyirnoAP85wWUiP));_dlgAsEjp9UhyB();end;local _RvXG7eiQaBKsw=237;local _iPGd2fcyC8H06P=28;local _vj0uD9tEsxd9Z=0;for _XojRz9Hu=1,5 do _vj0uD9tEsxd9Z=(_RvXG7eiQaBKsw+_iPGd2fcyC8H06P+_vj0uD9tEsxd9Z)%397;end;local _G1Lhbrgd5BO4H=558;local _Dr3nCeviR=(_G1Lhbrgd5BO4H+12)%262;local _nIBtI6i_=(_Dr3nCeviR*12)%262;local _WFXXWVtgDw14wcvo=474;local _mCEbJm4f3CJJ=(_WFXXWVtgDw14wcvo*17)%636;if _mCEbJm4f3CJJ~=_WFXXWVtgDw14wcvo then local _zFHvXz3IwF=_mCEbJm4f3CJJ+17;end;local _Y1Djdtlm7h1Qa=772;local _aksz5vHJ0R4sHIN=25;local _RvhLVZ4B8Hib3J4f=0;for _jukcSWbP=1,4 do _RvhLVZ4B8Hib3J4f=(_Y1Djdtlm7h1Qa+_aksz5vHJ0R4sHIN+_RvhLVZ4B8Hib3J4f)%676;end;local _Doy1srPi=714;local _YZk25LZhYiuz=24;local _uKPJCrOn=0;for _Bkr0Sotv=1,3 do _uKPJCrOn=(_Doy1srPi+_YZk25LZhYiuz+_uKPJCrOn)%74;end;local _QT67SSgz6a4={99,16,38};local _fHoom4i=(_QT67SSgz6a4[1]+_QT67SSgz6a4[2])%375;local _UT9Q61nvsuPozn=(_fHoom4i+_QT67SSgz6a4[3])%375;local _I5HT4Mk4IT4vE=589;local _JaZ5_WDs=(_I5HT4Mk4IT4vE%10);local _DrdLG5Jhk=(_I5HT4Mk4IT4vE-_JaZ5_WDs)%270;local _v_bvzbkUdeJ51V=850;local _iWJqDn_5GVlrRyw=(_v_bvzbkUdeJ51V+7)%826;local _drtgpIrprwdIKf=(_iWJqDn_5GVlrRyw*7)%826;local _MPgCh1WM3u={44,56,91};local _nQJ3Mr7=(_MPgCh1WM3u[1]+_MPgCh1WM3u[2])%94;local _jvd7sSKfiKS=(_nQJ3Mr7+_MPgCh1WM3u[3])%94;local _MY9TSK0w0=355;local _TgZC2QgYGnla=(_MY9TSK0w0*6)%606;if _TgZC2QgYGnla~=_MY9TSK0w0 then local _fdHWVcbAl21Vn=_TgZC2QgYGnla+6;end;local _QXXZewa6q={69,72,46};local _KOWXVRbRjS7zwCUT=(_QXXZewa6q[1]+_QXXZewa6q[2])%141;local _qKx4H6XTuL1=(_KOWXVRbRjS7zwCUT+_QXXZewa6q[3])%141;local _N2AjZZj_5Hp=497;local _lrs9zJKRM69HP=(_N2AjZZj_5Hp+7)%664;local _D8yZHg91z1M=(_lrs9zJKRM69HP*7)%664;local _JiDIczvY={13,64,57};local _ZzP58f7=(_JiDIczvY[1]+_JiDIczvY[2])%879;local _wcQwPF1crf=(_ZzP58f7+_JiDIczvY[3])%879;local _I7UsmbKsie1mH=569;local _C3bB4tbvEMFKt=(_I7UsmbKsie1mH+15)%373;local _dVQ9kNMmD_VT=(_C3bB4tbvEMFKt*15)%373;local _s4rRDARMbgvUguf=446;local _laIFGbUEZShQ8=(_s4rRDARMbgvUguf%23);local _c7kw7fbENBE=(_s4rRDARMbgvUguf-_laIFGbUEZShQ8)%825;local _GAExRAnK0Td7u=802;local _x05ez89b=(_GAExRAnK0Td7u%28);local _eifj8b0T=(_GAExRAnK0Td7u-_x05ez89b)%477;local _AeWb8t3duzM=405;local _nfSiXtZxu8HYRbL=(_AeWb8t3duzM*31)%472;if _nfSiXtZxu8HYRbL~=_AeWb8t3duzM then local _zIGw30sKr3NIoTe=_nfSiXtZxu8HYRbL+31;end;local _eirznKjD41=330;local _jDSXPbrkcyRTchR=(_eirznKjD41%21);local _OYtvHV_4JMG=(_eirznKjD41-_jDSXPbrkcyRTchR)%539;local _TNP0fxB={39,83,10};local _bYAkJlK7=(_TNP0fxB[1]+_TNP0fxB[2])%822;local _QwF9CyVMflIN8=(_bYAkJlK7+_TNP0fxB[3])%822;local _bltaxEk6=595;local _CSVRGg0oHIbOVI=25;local _ydlkHj77aREOgK=0;for _tZJ2hUj6=1,4 do _ydlkHj77aREOgK=(_bltaxEk6+_CSVRGg0oHIbOVI+_ydlkHj77aREOgK)%863;end;local _ydfYmVW8c8Voa=275;local _OmQ0KbZywb=(_ydfYmVW8c8Voa%4);local _I2Kdq4A=(_ydfYmVW8c8Voa-_OmQ0KbZywb)%883;local _IR6z5EJlCu=360;local _FqpmDGAMf_UwSOn=(_IR6z5EJlCu+17)%460;local _GmJVpIpQWRgyinG=(_FqpmDGAMf_UwSOn*17)%460;local _uOee1wtz=209;local _UNUG2wxIOX=(_uOee1wtz*15)%837;if _UNUG2wxIOX~=_uOee1wtz then local _eAbX8d83C=_UNUG2wxIOX+15;end;local _uQXRE4QNKvlo=648;local _dyNhR35MHtXyD=(_uQXRE4QNKvlo*20)%490;if _dyNhR35MHtXyD~=_uQXRE4QNKvlo then local _M4HgMAkNU=_dyNhR35MHtXyD+20;end;local _aUPq_ZtJpVpti=152;local _ey1DWSHx=(_aUPq_ZtJpVpti+30)%483;local _wmUIWriZ3guC4=(_ey1DWSHx*30)%483;local _id9TEImQqcEG3WZ={46,66,1};local _rHzmrRloGqK=(_id9TEImQqcEG3WZ[1]+_id9TEImQqcEG3WZ[2])%396;local _RwJb3r5oUEMnkM=(_rHzmrRloGqK+_id9TEImQqcEG3WZ[3])%396;local _tUfF9CTc7GHCMj8=748;local _ggbHVbr6r0NGg=(_tUfF9CTc7GHCMj8+17)%189;local _raQQIpqWT=(_ggbHVbr6r0NGg*17)%189;local _TtiyGSYf=299;local _XrpoPTUTH=(_TtiyGSYf+27)%663;local _Gbrl68tYGU99O=(_XrpoPTUTH*27)%663;local _Wywfa28n33cSM=259;local _VgUbHNJo=(_Wywfa28n33cSM%5);local _W0kgyk8T1mhy=(_Wywfa28n33cSM-_VgUbHNJo)%71;local _YbzSSOH=12;local _CNV986afCMijRa=(_YbzSSOH*25)%670;if _CNV986afCMijRa~=_YbzSSOH then local _A2UstKx=_CNV986afCMijRa+25;end;local _isMWLuPYR1=87;local _yyqrqHCjjoMQGoj=(_isMWLuPYR1%23);local _UTMF9hIwrS=(_isMWLuPYR1-_yyqrqHCjjoMQGoj)%744;local _uM11AT8=801;local _u6S1l98o=(_uM11AT8%21);local _yb1v6nhM4Zj7=(_uM11AT8-_u6S1l98o)%458;local _jzB13ztTTS={37,90,44};local _MSz1lE1ZTiv=(_jzB13ztTTS[1]+_jzB13ztTTS[2])%168;local _ra817I99hjQq=(_MSz1lE1ZTiv+_jzB13ztTTS[3])%168;local _Fe31QVrdC3lBuT0a=296;local _YT8uCoO=(_Fe31QVrdC3lBuT0a%29);local _s3Ax3txCJbYl=(_Fe31QVrdC3lBuT0a-_YT8uCoO)%477;local _PYRxIu_ESbo=360;local _QZiIeTeTe0u3pXz=26;local _xZQfkyTVk6wg2oti=0;for _cM9EpND4=1,3 do _xZQfkyTVk6wg2oti=(_PYRxIu_ESbo+_QZiIeTeTe0u3pXz+_xZQfkyTVk6wg2oti)%138;end;local _JPsRrG5NTyf8gIX=364;local _PBivg9xtfFSV=(_JPsRrG5NTyf8gIX%11);local _DD4JAgRjUiYHSnv2=(_JPsRrG5NTyf8gIX-_PBivg9xtfFSV)%758;local _Jk3tJcP=840;local _GQKJXZkYxetJ=(_Jk3tJcP%28);local _oxFmciJHx7T=(_Jk3tJcP-_GQKJXZkYxetJ)%860;local _OzP8xyok=767;local _dJNoOEvwO6x6UB=7;local _EAFOiUIZuILG=0;for _eQAswtuj=1,3 do _EAFOiUIZuILG=(_OzP8xyok+_dJNoOEvwO6x6UB+_EAFOiUIZuILG)%606;end;local _pnOOhzn={53,75,14};local _deCBWKGSJb=(_pnOOhzn[1]+_pnOOhzn[2])%671;local _ic7jht_fzPYdPEpZ=(_deCBWKGSJb+_pnOOhzn[3])%671;local _KiLfO_bD3LLhY=740;local _MafN6v3FIUAx=(_KiLfO_bD3LLhY+17)%707;local _tyKr7KmdxcZlNEk=(_MafN6v3FIUAx*17)%707;local _KtLWJSK9aSGp=765;local _IvZLg62DMigb=(_KtLWJSK9aSGp%31);local _f_PhHu_a=(_KtLWJSK9aSGp-_IvZLg62DMigb)%346;local _dgvDdn_dwfwLM8=672;local _fzM97wiM=2;local _lwVupXOrkIxGhJu=0;for _acR3vO9J=1,5 do _lwVupXOrkIxGhJu=(_dgvDdn_dwfwLM8+_fzM97wiM+_lwVupXOrkIxGhJu)%262;end;local _ZDcaEI5zte=620;local _rQqodu5B=(_ZDcaEI5zte+6)%105;local _WXpY5sDvZT0r0=(_rQqodu5B*6)%105;local _LbdvX6dhISN00U4E=492;local _TcdhmGKblwcPgN9b=29;local _i6hH12EkHMEV=0;for _tbbepMgL=1,3 do _i6hH12EkHMEV=(_LbdvX6dhISN00U4E+_TcdhmGKblwcPgN9b+_i6hH12EkHMEV)%762;end;local _tIqM43t=773;local _ku0P4dIahoZZ=(_tIqM43t%15);local _LcHqNxgdylvsvG=(_tIqM43t-_ku0P4dIahoZZ)%126;local _VGundtvs=879;local _AZyvLv9VNlvuA=(_VGundtvs*2)%634;if _AZyvLv9VNlvuA~=_VGundtvs then local _FhHYwVOd=_AZyvLv9VNlvuA+2;end;local _TUM6mK4pMFLWj7=612;local _uBssFl9f_4CUrDb=(_TUM6mK4pMFLWj7%21);local _TJUr2IwpS3=(_TUM6mK4pMFLWj7-_uBssFl9f_4CUrDb)%756;local _AidC8DfaK7qz=165;local _djdQ9yx68E5xb=(_AidC8DfaK7qz+25)%640;local _EnsgWla=(_djdQ9yx68E5xb*25)%640;local _BmMNPlc0yUq6gbVf={22,53,92};local _A0Zwy6ysqew7tvbs=(_BmMNPlc0yUq6gbVf[1]+_BmMNPlc0yUq6gbVf[2])%379;local _RXwsp7pEY=(_A0Zwy6ysqew7tvbs+_BmMNPlc0yUq6gbVf[3])%379;local _ABb6DCopgMhtS3=145;local _ha5o6okbNyDC=(_ABb6DCopgMhtS3%2);local _jD8AGi9oNe3nGwS=(_ABb6DCopgMhtS3-_ha5o6okbNyDC)%303;
